01/02/1998,09:30,29.57,29.57,29.57,29.57,236762
01/02/1998,09:31,29.54,29.57,29.54,29.54,38165
01/02/1998,09:32,29.55,29.57,29.54,29.57,46999
01/02/1998,09:33,29.55,29.57,29.54,29.54,59367
01/02/1998,09:34,29.54,29.57,29.54,29.54,16966
01/02/1998,09:35,29.55,29.57,29.54,29.54,82337
01/02/1998,09:36,29.55,29.55,29.54,29.55,9188
01/02/1998,09:37,29.54,29.54,29.54,29.54,9895
01/02/1998,09:38,29.54,29.55,29.54,29.55,39228
01/02/1998,09:39,29.54,29.55,29.54,29.55,8834
01/02/1998,09:40,29.55,29.57,29.55,29.55,28270
01/02/1998,09:41,29.57,29.61,29.55,29.61,123682
01/02/1998,09:42,29.61,29.61,29.57,29.57,22616
01/02/1998,09:43,29.57,29.64,29.57,29.64,26857
01/02/1998,09:44,29.64,29.68,29.64,29.68,178455
01/02/1998,09:45,29.64,29.68,29.64,29.68,21909
01/02/1998,09:46,29.64,29.7,29.64,29.66,36051
01/02/1998,09:47,29.66,29.68,29.64,29.66,13075
01/02/1998,09:48,29.64,29.66,29.64,29.64,13428
01/02/1998,09:49,29.64,29.68,29.64,29.68,21909
01/02/1998,09:50,29.68,29.68,29.64,29.64,13782
01/02/1998,09:51,29.64,29.66,29.62,29.64,24030
01/02/1998,09:52,29.62,29.62,29.61,29.61,20503
01/02/1998,09:53,29.61,29.62,29.59,29.59,29684
01/02/1998,09:54,29.59,29.61,29.57,29.57,83750
01/02/1998,09:55,29.57,29.59,29.57,29.59,36044
01/02/1998,09:56,29.59,29.59,29.57,29.59,48059
01/02/1998,09:57,29.59,29.59,29.55,29.55,44879
01/02/1998,09:58,29.57,29.59,29.55,29.57,83397
01/02/1998,09:59,29.55,29.61,29.55,29.57,32157
01/02/1998,10:00,29.61,29.61,29.55,29.55,16962
01/02/1998,10:01,29.55,29.57,29.55,29.57,31804
01/02/1998,10:02,29.55,29.55,29.54,29.55,46646
01/02/1998,10:03,29.55,29.57,29.55,29.57,84457
01/02/1998,10:04,29.57,29.61,29.57,29.59,43112
01/02/1998,10:05,29.59,29.61,29.59,29.59,12368
01/02/1998,10:06,29.59,29.59,29.57,29.57,35691
01/02/1998,10:07,29.57,29.57,29.54,29.54,5301
01/02/1998,10:08,29.57,29.61,29.57,29.57,200721
01/02/1998,10:09,29.57,29.57,29.57,29.57,9541
01/02/1998,10:10,29.55,29.61,29.54,29.57,25090
01/02/1998,10:11,29.59,29.59,29.57,29.57,9541
01/02/1998,10:12,29.57,29.59,29.55,29.55,66081
01/02/1998,10:13,29.55,29.57,29.54,29.54,25796
01/02/1998,10:14,29.54,29.57,29.52,29.54,38871
01/02/1998,10:15,29.52,29.52,29.5,29.5,41352
01/02/1998,10:16,29.5,29.52,29.48,29.52,37105
01/02/1998,10:17,29.52,29.52,29.5,29.52,16962
01/02/1998,10:18,29.52,29.54,29.5,29.5,2120
01/02/1998,10:19,29.52,29.52,29.48,29.48,82690
01/02/1998,10:20,29.48,29.48,29.47,29.47,34278
01/02/1998,10:21,29.47,29.47,29.47,29.47,13782
01/02/1998,10:22,29.45,29.45,29.45,29.45,3534
01/02/1998,10:23,29.47,29.5,29.45,29.5,24736
01/02/1998,10:24,29.5,29.5,29.45,29.47,41698
01/02/1998,10:25,29.52,29.52,29.48,29.48,20142
01/02/1998,10:26,29.48,29.5,29.48,29.5,53006
01/02/1998,10:27,29.48,29.5,29.47,29.5,25454
01/02/1998,10:28,29.47,29.48,29.47,29.47,8128
01/02/1998,10:29,29.48,29.48,29.47,29.48,42405
01/02/1998,10:30,29.48,29.52,29.48,29.52,19436
01/02/1998,10:31,29.5,29.52,29.5,29.52,9188
01/02/1998,10:32,29.52,29.54,29.52,29.54,4594
01/02/1998,10:33,29.52,29.54,29.52,29.54,62194
01/02/1998,10:34,29.55,29.59,29.55,29.57,59014
01/02/1998,10:35,29.59,29.59,29.57,29.59,50886
01/02/1998,10:36,29.57,29.57,29.55,29.55,3887
01/02/1998,10:37,29.59,29.59,29.54,29.54,28270
01/02/1998,10:38,29.57,29.57,29.57,29.57,54067
01/02/1998,10:39,29.57,29.57,29.57,29.57,86931
01/02/1998,10:40,29.57,29.57,29.57,29.57,3534
01/02/1998,10:41,29.57,29.57,29.57,29.57,25090
01/02/1998,10:42,29.57,29.61,29.57,29.61,20142
01/02/1998,10:43,29.59,29.61,29.59,29.61,18376
01/02/1998,10:44,29.61,29.61,29.61,29.61,12368
01/02/1998,10:45,29.61,29.62,29.61,29.62,69969
01/02/1998,10:46,29.62,29.64,29.62,29.64,17315
01/02/1998,10:47,29.64,29.68,29.62,29.68,82690
01/02/1998,10:48,29.68,29.68,29.68,29.68,39578
01/02/1998,10:49,29.66,29.66,29.66,29.66,45232
01/02/1998,10:50,29.66,29.66,29.66,29.66,8834
01/02/1998,10:51,29.66,29.66,29.66,29.66,1414
01/02/1998,10:52,29.66,29.66,29.66,29.66,20496
01/02/1998,10:53,29.62,29.62,29.62,29.62,1767
01/02/1998,10:55,29.62,29.62,29.62,29.62,10955
01/02/1998,10:56,29.62,29.64,29.62,29.62,26857
01/02/1998,10:57,29.62,29.64,29.62,29.64,13782
01/02/1998,10:58,29.64,29.66,29.64,29.66,3180
01/02/1998,10:59,29.64,29.68,29.64,29.68,86581
01/02/1998,11:00,29.64,29.66,29.64,29.66,9541
01/02/1998,11:01,29.68,29.7,29.64,29.68,63961
01/02/1998,11:02,29.71,29.73,29.68,29.73,71382
01/02/1998,11:03,29.73,29.73,29.73,29.73,9895
01/02/1998,11:04,29.73,29.75,29.71,29.75,43465
01/02/1998,11:05,29.71,29.75,29.71,29.71,67142
01/02/1998,11:06,29.75,29.75,29.75,29.75,10601
01/02/1998,11:07,29.75,29.75,29.71,29.75,3534
01/02/1998,11:08,29.75,29.75,29.75,29.75,5301
01/02/1998,11:09,29.71,29.77,29.71,29.77,32161
01/02/1998,11:10,29.78,29.78,29.75,29.78,17315
01/02/1998,11:11,29.78,29.78,29.73,29.75,33571
01/02/1998,11:12,29.75,29.77,29.73,29.73,14135
01/02/1998,11:13,29.73,29.75,29.71,29.73,14135
01/02/1998,11:14,29.71,29.71,29.7,29.71,9541
01/02/1998,11:15,29.7,29.71,29.7,29.7,9188
01/02/1998,11:17,29.71,29.71,29.7,29.7,15902
01/02/1998,11:18,29.7,29.71,29.7,29.7,15549
01/02/1998,11:19,29.71,29.71,29.7,29.71,4947
01/02/1998,11:20,29.7,29.71,29.7,29.71,12722
01/02/1998,11:21,29.71,29.71,29.7,29.71,42052
01/02/1998,11:22,29.71,29.71,29.68,29.68,30744
01/02/1998,11:23,29.68,29.7,29.68,29.7,6714
01/02/1998,11:24,29.68,29.68,29.68,29.68,16962
01/02/1998,11:25,29.68,29.68,29.68,29.68,3887
01/02/1998,11:26,29.64,29.7,29.64,29.68,13792
01/02/1998,11:27,29.68,29.68,29.68,29.68,6007
01/02/1998,11:28,29.68,29.71,29.68,29.71,34984
01/02/1998,11:29,29.71,29.71,29.66,29.66,55834
01/02/1998,11:30,29.71,29.71,29.7,29.7,37811
01/02/1998,11:31,29.68,29.7,29.68,29.7,20849
01/02/1998,11:32,29.71,29.71,29.66,29.66,2120
01/02/1998,11:33,29.71,29.71,29.68,29.68,3534
01/02/1998,11:34,29.7,29.71,29.7,29.71,45232
01/02/1998,11:35,29.68,29.68,29.68,29.68,707
01/02/1998,11:36,29.68,29.7,29.68,29.68,11661
01/02/1998,11:37,29.68,29.68,29.68,29.68,353
01/02/1998,11:38,29.64,29.64,29.64,29.64,7068
01/02/1998,11:39,29.62,29.62,29.62,29.62,15902
01/02/1998,11:40,29.62,29.62,29.61,29.61,8834
01/02/1998,11:41,29.62,29.62,29.59,29.59,23323
01/02/1998,11:42,29.61,29.61,29.59,29.59,3180
01/02/1998,11:43,29.61,29.64,29.61,29.61,15199
01/02/1998,11:44,29.64,29.64,29.61,29.62,22969
01/02/1998,11:45,29.62,29.62,29.62,29.62,2120
01/02/1998,11:46,29.62,29.62,29.62,29.62,38518
01/02/1998,11:47,29.62,29.66,29.62,29.66,7774
01/02/1998,11:48,29.64,29.66,29.64,29.66,2474
01/02/1998,11:49,29.66,29.66,29.66,29.66,11308
01/02/1998,11:50,29.66,29.66,29.66,29.66,3180
01/02/1998,11:51,29.62,29.66,29.62,29.66,3887
01/02/1998,11:52,29.66,29.66,29.64,29.64,2474
01/02/1998,11:53,29.66,29.7,29.66,29.68,6007
01/02/1998,11:54,29.68,29.7,29.68,29.7,7421
01/02/1998,11:55,29.7,29.7,29.68,29.7,20142
01/02/1998,11:56,29.7,29.7,29.68,29.68,19436
01/02/1998,11:57,29.68,29.68,29.68,29.68,1414
01/02/1998,11:58,29.66,29.7,29.66,29.7,21909
01/02/1998,11:59,29.7,29.7,29.68,29.68,44882
01/02/1998,12:00,29.7,29.7,29.66,29.7,3534
01/02/1998,12:01,29.68,29.7,29.68,29.7,14842
01/02/1998,12:02,29.7,29.7,29.68,29.7,6361
01/02/1998,12:03,29.71,29.71,29.71,29.71,1414
01/02/1998,12:04,29.7,29.7,29.7,29.7,5654
01/02/1998,12:05,29.7,29.7,29.68,29.68,7068
01/02/1998,12:06,29.7,29.7,29.7,29.7,353
01/02/1998,12:07,29.68,29.7,29.68,29.7,12722
01/02/1998,12:09,29.7,29.7,29.7,29.7,3887
01/02/1998,12:10,29.7,29.71,29.7,29.7,4947
01/02/1998,12:11,29.68,29.7,29.68,29.7,2474
01/02/1998,12:12,29.7,29.7,29.7,29.7,4594
01/02/1998,12:13,29.71,29.71,29.7,29.7,707
01/02/1998,12:14,29.71,29.71,29.7,29.7,1060
01/02/1998,12:15,29.7,29.7,29.7,29.7,2120
01/02/1998,12:16,29.7,29.7,29.7,29.7,1414
01/02/1998,12:17,29.7,29.71,29.7,29.7,24383
01/02/1998,12:18,29.68,29.7,29.68,29.7,5654
01/02/1998,12:19,29.7,29.7,29.7,29.7,7421
01/02/1998,12:20,29.7,29.7,29.68,29.68,8481
01/02/1998,12:21,29.7,29.7,29.68,29.68,7421
01/02/1998,12:22,29.7,29.7,29.7,29.7,7068
01/02/1998,12:24,29.7,29.71,29.7,29.71,34631
01/02/1998,12:25,29.71,29.71,29.7,29.71,9541
01/02/1998,12:26,29.7,29.71,29.7,29.71,3534
01/02/1998,12:27,29.71,29.71,29.71,29.71,24736
01/02/1998,12:28,29.71,29.73,29.71,29.73,9895
01/02/1998,12:29,29.7,29.7,29.7,29.7,2120
01/02/1998,12:30,29.7,29.71,29.7,29.71,7421
01/02/1998,12:31,29.7,29.71,29.7,29.71,1414
01/02/1998,12:32,29.71,29.71,29.7,29.7,2827
01/02/1998,12:33,29.71,29.71,29.71,29.71,15902
01/02/1998,12:34,29.75,29.75,29.73,29.75,52300
01/02/1998,12:35,29.75,29.77,29.75,29.77,3534
01/02/1998,12:36,29.77,29.77,29.75,29.77,34278
01/02/1998,12:37,29.77,29.77,29.77,29.77,90818
01/02/1998,12:38,29.77,29.77,29.73,29.73,33217
01/02/1998,12:39,29.75,29.75,29.75,29.75,21203
01/02/1998,12:40,29.75,29.75,29.73,29.73,5654
01/02/1998,12:41,29.73,29.73,29.73,29.73,3534
01/02/1998,12:42,29.73,29.75,29.73,29.75,20496
01/02/1998,12:43,29.73,29.77,29.73,29.77,33217
01/02/1998,12:44,29.73,29.77,29.73,29.75,4594
01/02/1998,12:45,29.75,29.75,29.75,29.75,3180
01/02/1998,12:46,29.73,29.77,29.73,29.73,19082
01/02/1998,12:47,29.77,29.77,29.75,29.75,21203
01/02/1998,12:48,29.75,29.75,29.75,29.75,5301
01/02/1998,12:49,29.73,29.73,29.73,29.73,23323
01/02/1998,12:50,29.71,29.71,29.71,29.71,2827
01/02/1998,12:51,29.71,29.71,29.71,29.71,10248
01/02/1998,12:52,29.71,29.71,29.71,29.71,73502
01/02/1998,12:53,29.7,29.7,29.7,29.7,1414
01/02/1998,12:54,29.7,29.7,29.7,29.7,2474
01/02/1998,12:55,29.7,29.71,29.7,29.71,6714
01/02/1998,12:56,29.71,29.71,29.71,29.71,353
01/02/1998,12:57,29.71,29.71,29.71,29.71,2120
01/02/1998,12:58,29.7,29.7,29.7,29.7,2474
01/02/1998,12:59,29.7,29.71,29.7,29.71,1414
01/02/1998,13:00,29.7,29.71,29.7,29.71,13075
01/02/1998,13:01,29.7,29.7,29.7,29.7,707
01/02/1998,13:02,29.68,29.68,29.68,29.68,1767
01/02/1998,13:03,29.7,29.71,29.68,29.68,7774
01/02/1998,13:05,29.71,29.71,29.7,29.7,4947
01/02/1998,13:06,29.7,29.7,29.7,29.7,4947
01/02/1998,13:07,29.68,29.71,29.68,29.71,6007
01/02/1998,13:08,29.71,29.71,29.7,29.7,2474
01/02/1998,13:09,29.7,29.7,29.7,29.7,3887
01/02/1998,13:10,29.7,29.7,29.7,29.7,1767
01/02/1998,13:11,29.7,29.71,29.7,29.71,8128
01/02/1998,13:12,29.71,29.71,29.7,29.7,22263
01/02/1998,13:13,29.71,29.71,29.7,29.7,16255
01/02/1998,13:14,29.7,29.71,29.7,29.7,6007
01/02/1998,13:16,29.7,29.71,29.7,29.71,1414
01/02/1998,13:17,29.7,29.71,29.7,29.71,2474
01/02/1998,13:18,29.71,29.71,29.71,29.71,12722
01/02/1998,13:20,29.7,29.71,29.7,29.71,3180
01/02/1998,13:21,29.71,29.71,29.71,29.71,707
01/02/1998,13:22,29.71,29.71,29.71,29.71,2827
01/02/1998,13:23,29.71,29.71,29.71,29.71,2120
01/02/1998,13:24,29.71,29.75,29.71,29.75,19082
01/02/1998,13:25,29.75,29.75,29.73,29.73,15549
01/02/1998,13:26,29.73,29.73,29.73,29.73,9541
01/02/1998,13:27,29.73,29.75,29.71,29.71,6714
01/02/1998,13:28,29.73,29.75,29.73,29.75,9188
01/02/1998,13:29,29.71,29.73,29.71,29.71,14488
01/02/1998,13:30,29.73,29.73,29.73,29.73,353
01/02/1998,13:31,29.71,29.71,29.71,29.71,353
01/02/1998,13:32,29.71,29.73,29.71,29.71,30744
01/02/1998,13:33,29.71,29.71,29.71,29.71,7068
01/02/1998,13:34,29.71,29.71,29.71,29.71,353
01/02/1998,13:35,29.71,29.71,29.7,29.71,5654
01/02/1998,13:37,29.71,29.71,29.71,29.71,353
01/02/1998,13:40,29.71,29.71,29.71,29.71,8481
01/02/1998,13:41,29.71,29.71,29.7,29.7,10601
01/02/1998,13:43,29.7,29.7,29.7,29.7,2474
01/02/1998,13:44,29.7,29.71,29.7,29.7,54773
01/02/1998,13:46,29.7,29.7,29.7,29.7,6714
01/02/1998,13:48,29.71,29.71,29.71,29.71,353
01/02/1998,13:49,29.68,29.68,29.68,29.68,353
01/02/1998,13:50,29.68,29.7,29.68,29.7,1060
01/02/1998,13:52,29.7,29.7,29.7,29.7,353
01/02/1998,13:53,29.68,29.68,29.68,29.68,707
01/02/1998,13:54,29.7,29.7,29.68,29.68,3180
01/02/1998,13:55,29.68,29.7,29.68,29.68,126862
01/02/1998,13:56,29.68,29.68,29.66,29.66,42405
01/02/1998,13:57,29.64,29.68,29.64,29.68,21909
01/02/1998,13:58,29.68,29.68,29.68,29.68,3180
01/02/1998,13:59,29.66,29.68,29.66,29.66,6007
01/02/1998,14:00,29.66,29.66,29.66,29.66,707
01/02/1998,14:01,29.64,29.66,29.64,29.66,1414
01/02/1998,14:02,29.66,29.66,29.66,29.66,7421
01/02/1998,14:03,29.66,29.66,29.66,29.66,7421
01/02/1998,14:04,29.66,29.68,29.64,29.64,55480
01/02/1998,14:05,29.7,29.7,29.7,29.7,1414
01/02/1998,14:06,29.66,29.68,29.64,29.68,2827
01/02/1998,14:07,29.68,29.68,29.64,29.64,4947
01/02/1998,14:08,29.68,29.68,29.68,29.68,5301
01/02/1998,14:09,29.66,29.66,29.66,29.66,4241
01/02/1998,14:11,29.66,29.68,29.66,29.68,18729
01/02/1998,14:12,29.68,29.68,29.68,29.68,5301
01/02/1998,14:13,29.66,29.7,29.66,29.7,12015
01/02/1998,14:14,29.66,29.66,29.66,29.66,707
01/02/1998,14:15,29.66,29.68,29.64,29.68,10248
01/02/1998,14:16,29.66,29.66,29.66,29.66,2120
01/02/1998,14:17,29.66,29.66,29.66,29.66,353
01/02/1998,14:18,29.66,29.68,29.66,29.68,5301
01/02/1998,14:21,29.66,29.66,29.66,29.66,2120
01/02/1998,14:22,29.64,29.64,29.62,29.64,19436
01/02/1998,14:23,29.62,29.62,29.61,29.61,4241
01/02/1998,14:24,29.61,29.61,29.61,29.61,56540
01/02/1998,14:25,29.62,29.62,29.61,29.62,12368
01/02/1998,14:26,29.64,29.64,29.61,29.61,3180
01/02/1998,14:27,29.61,29.61,29.61,29.61,9541
01/02/1998,14:28,29.61,29.61,29.61,29.61,353
01/02/1998,14:29,29.62,29.62,29.61,29.61,9188
01/02/1998,14:30,29.61,29.62,29.61,29.62,6361
01/02/1998,14:31,29.61,29.62,29.61,29.62,4594
01/02/1998,14:32,29.62,29.62,29.59,29.59,131456
01/02/1998,14:34,29.61,29.61,29.57,29.57,201778
01/02/1998,14:35,29.55,29.55,29.55,29.55,18022
01/02/1998,14:36,29.55,29.57,29.54,29.54,48766
01/02/1998,14:37,29.54,29.54,29.54,29.54,3534
01/02/1998,14:38,29.54,29.54,29.54,29.54,1414
01/02/1998,14:39,29.54,29.54,29.54,29.54,353
01/02/1998,14:40,29.55,29.55,29.54,29.54,3887
01/02/1998,14:41,29.54,29.55,29.54,29.54,1414
01/02/1998,14:42,29.55,29.55,29.54,29.55,79863
01/02/1998,14:44,29.55,29.57,29.54,29.57,14135
01/02/1998,14:45,29.55,29.55,29.55,29.55,26150
01/02/1998,14:46,29.55,29.57,29.55,29.55,1060
01/02/1998,14:47,29.55,29.55,29.54,29.54,26150
01/02/1998,14:48,29.54,29.54,29.54,29.54,8834
01/02/1998,14:50,29.55,29.55,29.54,29.54,66435
01/02/1998,14:51,29.55,29.55,29.54,29.54,5301
01/02/1998,14:52,29.54,29.54,29.54,29.54,4594
01/02/1998,14:53,29.55,29.55,29.54,29.54,37458
01/02/1998,14:54,29.55,29.55,29.55,29.55,54420
01/02/1998,14:55,29.55,29.55,29.55,29.55,8128
01/02/1998,14:56,29.55,29.55,29.55,29.55,2120
01/02/1998,14:57,29.55,29.55,29.55,29.55,7774
01/02/1998,14:58,29.55,29.57,29.54,29.57,23676
01/02/1998,14:59,29.54,29.55,29.54,29.54,5308
01/02/1998,15:00,29.55,29.57,29.54,29.57,52653
01/02/1998,15:01,29.54,29.57,29.54,29.54,85871
01/02/1998,15:03,29.54,29.55,29.54,29.54,19436
01/02/1998,15:04,29.54,29.54,29.54,29.54,8834
01/02/1998,15:05,29.54,29.55,29.52,29.52,23676
01/02/1998,15:06,29.52,29.54,29.5,29.5,27210
01/02/1998,15:07,29.5,29.52,29.5,29.5,144884
01/02/1998,15:08,29.52,29.52,29.5,29.5,53713
01/02/1998,15:09,29.52,29.52,29.52,29.52,52300
01/02/1998,15:10,29.52,29.55,29.52,29.55,17315
01/02/1998,15:11,29.54,29.54,29.54,29.54,2474
01/02/1998,15:12,29.54,29.54,29.52,29.52,10955
01/02/1998,15:13,29.52,29.54,29.5,29.54,104599
01/02/1998,15:14,29.54,29.54,29.54,29.54,20849
01/02/1998,15:15,29.54,29.54,29.54,29.54,10601
01/02/1998,15:16,29.55,29.55,29.54,29.54,4594
01/02/1998,15:17,29.54,29.54,29.54,29.54,37105
01/02/1998,15:18,29.54,29.54,29.54,29.54,1767
01/02/1998,15:19,29.54,29.54,29.54,29.54,7068
01/02/1998,15:20,29.54,29.54,29.54,29.54,17669
01/02/1998,15:21,29.57,29.57,29.57,29.57,43819
01/02/1998,15:22,29.57,29.57,29.57,29.57,353
01/02/1998,15:23,29.61,29.61,29.57,29.57,60781
01/02/1998,15:24,29.62,29.66,29.62,29.66,7068
01/02/1998,15:25,29.64,29.66,29.62,29.66,19789
01/02/1998,15:26,29.64,29.68,29.64,29.68,44525
01/02/1998,15:27,29.68,29.68,29.68,29.68,17669
01/02/1998,15:28,29.68,29.68,29.68,29.68,1060
01/02/1998,15:29,29.66,29.66,29.64,29.64,28977
01/02/1998,15:30,29.62,29.62,29.62,29.62,353
01/02/1998,15:31,29.64,29.64,29.64,29.64,4241
01/02/1998,15:32,29.64,29.66,29.62,29.66,6007
01/02/1998,15:33,29.62,29.62,29.62,29.62,12722
01/02/1998,15:34,29.61,29.64,29.61,29.64,12015
01/02/1998,15:35,29.61,29.64,29.61,29.64,3534
01/02/1998,15:36,29.61,29.61,29.61,29.61,1060
01/02/1998,15:37,29.61,29.61,29.61,29.61,3534
01/02/1998,15:39,29.64,29.64,29.62,29.64,105660
01/02/1998,15:40,29.7,29.7,29.68,29.7,40992
01/02/1998,15:41,29.7,29.7,29.7,29.7,9541
01/02/1998,15:42,29.66,29.71,29.66,29.71,77389
01/02/1998,15:43,29.75,29.77,29.71,29.71,46646
01/02/1998,15:44,29.77,29.77,29.71,29.71,3180
01/02/1998,15:45,29.7,29.73,29.7,29.73,20853
01/02/1998,15:46,29.75,29.78,29.73,29.78,102833
01/02/1998,15:47,29.82,29.82,29.77,29.82,78803
01/02/1998,15:48,29.8,29.84,29.78,29.78,65728
01/02/1998,15:49,29.82,29.82,29.8,29.8,4594
01/02/1998,15:50,29.82,29.82,29.8,29.82,37811
01/02/1998,15:51,29.82,29.84,29.82,29.84,13075
01/02/1998,15:52,29.84,29.84,29.8,29.84,36751
01/02/1998,15:53,29.84,29.84,29.82,29.84,2827
01/02/1998,15:54,29.82,29.84,29.8,29.82,16255
01/02/1998,15:55,29.82,29.85,29.82,29.85,61134
01/02/1998,15:56,29.84,29.89,29.84,29.89,122622
01/02/1998,15:57,29.89,29.91,29.85,29.91,108133
01/02/1998,15:58,29.91,29.91,29.87,29.89,25443
01/02/1998,15:59,29.93,29.93,29.84,29.93,82337
01/02/1998,16:00,29.91,29.93,29.89,29.89,30390
01/02/1998,16:01,29.93,29.93,29.93,29.93,224394
01/02/1998,16:11,29.89,29.89,29.89,29.89,707
01/02/1998,16:19,29.89,29.89,29.89,29.89,353
01/05/1998,09:30,29.87,29.87,29.87,29.87,292243
01/05/1998,09:31,29.87,29.87,29.87,29.87,48413
01/05/1998,09:32,29.87,29.87,29.87,29.87,31097
01/05/1998,09:33,29.85,29.87,29.8,29.85,95058
01/05/1998,09:34,29.8,29.82,29.8,29.8,33571
01/05/1998,09:35,29.8,29.8,29.8,29.8,4241
01/05/1998,09:36,29.82,29.85,29.8,29.85,257258
01/05/1998,09:37,29.85,29.93,29.84,29.93,71382
01/05/1998,09:38,29.93,29.93,29.78,29.89,42769
01/05/1998,09:39,29.89,29.93,29.85,29.93,67142
01/05/1998,09:40,29.93,29.93,29.82,29.93,67495
01/05/1998,09:41,29.91,29.91,29.82,29.85,46999
01/05/1998,09:42,29.82,29.91,29.71,29.71,54773
01/05/1998,09:43,29.73,29.78,29.71,29.73,76683
01/05/1998,09:44,29.71,29.75,29.71,29.75,139937
01/05/1998,09:45,29.75,29.78,29.73,29.75,82337
01/05/1998,09:46,29.78,29.78,29.73,29.77,86931
01/05/1998,09:47,29.75,29.78,29.75,29.78,44525
01/05/1998,09:48,29.78,29.78,29.78,29.78,82337
01/05/1998,09:49,29.82,29.82,29.77,29.82,33217
01/05/1998,09:50,29.84,29.85,29.82,29.82,59014
01/05/1998,09:51,29.82,29.82,29.82,29.82,24030
01/05/1998,09:52,29.84,29.84,29.82,29.84,224041
01/05/1998,09:53,29.84,29.84,29.82,29.82,43819
01/05/1998,09:54,29.82,29.82,29.8,29.8,99299
01/05/1998,09:55,29.8,29.82,29.8,29.82,25090
01/05/1998,09:56,29.82,29.85,29.82,29.84,43112
01/05/1998,09:57,29.84,29.84,29.82,29.84,43819
01/05/1998,09:58,29.85,29.85,29.82,29.82,10955
01/05/1998,09:59,29.84,29.85,29.82,29.84,91525
01/05/1998,10:00,29.85,29.87,29.85,29.87,156546
01/05/1998,10:01,29.91,29.91,29.89,29.89,95765
01/05/1998,10:02,29.87,29.87,29.87,29.87,11308
01/05/1998,10:03,29.87,29.91,29.87,29.91,111671
01/05/1998,10:04,29.89,29.94,29.89,29.91,94705
01/05/1998,10:05,29.94,29.94,29.91,29.91,20142
01/05/1998,10:06,29.87,29.89,29.85,29.85,39932
01/05/1998,10:07,29.87,29.87,29.84,29.84,20142
01/05/1998,10:08,29.85,29.89,29.85,29.87,35338
01/05/1998,10:09,29.87,29.89,29.85,29.85,8128
01/05/1998,10:10,29.87,29.89,29.87,29.89,13428
01/05/1998,10:11,29.89,29.89,29.89,29.89,19082
01/05/1998,10:12,29.87,29.93,29.87,29.93,51593
01/05/1998,10:13,29.96,29.96,29.91,29.94,58307
01/05/1998,10:14,29.96,29.96,29.91,29.91,38871
01/05/1998,10:15,29.93,29.94,29.91,29.93,18729
01/05/1998,10:16,29.93,29.94,29.89,29.93,9895
01/05/1998,10:17,29.94,29.94,29.89,29.93,24736
01/05/1998,10:18,29.93,29.94,29.89,29.89,11661
01/05/1998,10:19,29.91,29.94,29.89,29.91,9895
01/05/1998,10:20,29.94,29.94,29.91,29.91,6007
01/05/1998,10:21,29.93,29.94,29.91,29.91,202485
01/05/1998,10:22,29.91,29.93,29.89,29.93,19082
01/05/1998,10:23,29.89,29.91,29.87,29.87,41345
01/05/1998,10:24,29.85,29.85,29.85,29.85,51240
01/05/1998,10:25,29.84,29.84,29.84,29.84,27917
01/05/1998,10:26,29.84,29.85,29.84,29.84,85164
01/05/1998,10:27,29.85,29.85,29.85,29.85,45232
01/05/1998,10:28,29.91,29.93,29.89,29.89,66081
01/05/1998,10:29,29.91,29.91,29.89,29.89,116968
01/05/1998,10:30,29.89,29.89,29.84,29.84,66788
01/05/1998,10:31,29.87,29.87,29.84,29.84,95412
01/05/1998,10:32,29.85,29.85,29.84,29.84,707
01/05/1998,10:33,29.84,29.85,29.84,29.85,71382
01/05/1998,10:34,29.87,29.89,29.87,29.89,707
01/05/1998,10:35,29.89,29.91,29.87,29.91,114494
01/05/1998,10:36,29.91,29.93,29.89,29.89,168207
01/05/1998,10:37,29.93,30,29.91,30,86945
01/05/1998,10:38,30,30.03,30,30.03,141704
01/05/1998,10:39,30.03,30.03,30,30,47706
01/05/1998,10:40,30.1,30.14,30.07,30.14,287295
01/05/1998,10:41,30.1,30.14,30.07,30.14,207079
01/05/1998,10:42,30.14,30.14,30.14,30.14,18022
01/05/1998,10:43,30.14,30.14,30.03,30.03,86931
01/05/1998,10:44,30.03,30.05,30.01,30.05,49473
01/05/1998,10:45,30.05,30.05,30.03,30.03,97885
01/05/1998,10:46,30.03,30.05,30.03,30.05,21556
01/05/1998,10:47,30.05,30.05,30.01,30.03,45939
01/05/1998,10:48,30.03,30.07,30.03,30.07,15902
01/05/1998,10:49,30.05,30.08,30.05,30.08,64668
01/05/1998,10:50,30.07,30.07,30.05,30.05,6361
01/05/1998,10:51,30.05,30.07,30.05,30.07,78803
01/05/1998,10:52,30.07,30.07,30.05,30.07,39578
01/05/1998,10:53,30.08,30.1,30.05,30.1,47706
01/05/1998,10:54,30.1,30.1,30.08,30.1,24030
01/05/1998,10:55,30.08,30.1,30.08,30.1,58661
01/05/1998,10:56,30.08,30.1,30.08,30.08,37811
01/05/1998,10:57,30.1,30.1,30.08,30.1,77743
01/05/1998,10:58,30.08,30.1,30.05,30.05,23676
01/05/1998,10:59,30.07,30.1,30.07,30.07,15549
01/05/1998,11:00,30.07,30.08,30.07,30.07,10601
01/05/1998,11:01,30.08,30.1,30.08,30.1,22969
01/05/1998,11:02,30.1,30.12,30.07,30.12,58307
01/05/1998,11:03,30.14,30.14,30.14,30.14,43112
01/05/1998,11:04,30.17,30.19,30.16,30.17,26857
01/05/1998,11:05,30.14,30.14,30.14,30.14,27210
01/05/1998,11:06,30.14,30.16,30.12,30.16,64668
01/05/1998,11:07,30.16,30.16,30.12,30.14,16609
01/05/1998,11:08,30.12,30.16,30.12,30.14,96825
01/05/1998,11:09,30.14,30.16,30.12,30.12,7774
01/05/1998,11:10,30.12,30.12,30.12,30.12,79156
01/05/1998,11:11,30.12,30.12,30.07,30.1,85871
01/05/1998,11:12,30.1,30.12,30.1,30.12,31097
01/05/1998,11:13,30.14,30.14,30.08,30.08,33924
01/05/1998,11:14,30.1,30.12,30.07,30.07,146651
01/05/1998,11:15,30.07,30.07,30.03,30.03,3534
01/05/1998,11:16,30.08,30.08,30,30,47352
01/05/1998,11:17,30,30.03,30,30.03,61488
01/05/1998,11:18,30.03,30.03,30,30.03,13782
01/05/1998,11:19,30,30.05,30,30.05,10601
01/05/1998,11:20,30.05,30.05,30.05,30.05,77390
01/05/1998,11:21,30.05,30.08,30.05,30.08,48766
01/05/1998,11:22,30.08,30.08,30.07,30.07,21203
01/05/1998,11:23,30.05,30.07,30.05,30.07,14488
01/05/1998,11:24,30.07,30.07,30.07,30.07,3180
01/05/1998,11:25,30.07,30.08,30.05,30.07,3887
01/05/1998,11:26,30.07,30.07,30.03,30.03,82690
01/05/1998,11:27,30.01,30.05,30.01,30.03,5654
01/05/1998,11:28,30.07,30.07,30.07,30.07,7068
01/05/1998,11:29,30.07,30.08,30.07,30.08,17315
01/05/1998,11:30,30.03,30.08,30.03,30.08,54067
01/05/1998,11:31,30.08,30.1,30.07,30.1,21556
01/05/1998,11:32,30.08,30.08,30.07,30.07,12015
01/05/1998,11:33,30.07,30.07,30.07,30.07,11661
01/05/1998,11:34,30.07,30.08,30.05,30.08,56894
01/05/1998,11:35,30.08,30.08,30.05,30.08,27917
01/05/1998,11:36,30.05,30.07,30.01,30.01,28977
01/05/1998,11:37,30.03,30.07,30.01,30.03,29684
01/05/1998,11:38,30.03,30.07,30.01,30.07,55480
01/05/1998,11:39,30.07,30.07,30.05,30.05,8128
01/05/1998,11:40,30.07,30.07,30.05,30.07,39225
01/05/1998,11:41,30.07,30.07,30.05,30.05,85164
01/05/1998,11:42,30.07,30.07,30.07,30.07,92231
01/05/1998,11:43,30.07,30.07,30.05,30.05,3534
01/05/1998,11:44,30.07,30.07,30.05,30.07,72089
01/05/1998,11:45,30.07,30.12,30.05,30.1,21556
01/05/1998,11:46,30.07,30.12,30.07,30.12,20860
01/05/1998,11:47,30.1,30.12,30.07,30.07,69262
01/05/1998,11:48,30.1,30.1,30.08,30.08,30744
01/05/1998,11:49,30.1,30.12,30.1,30.12,85164
01/05/1998,11:50,30.14,30.14,30.1,30.1,130749
01/05/1998,11:51,30.1,30.1,30.1,30.1,8128
01/05/1998,11:52,30.08,30.08,30.08,30.08,53360
01/05/1998,11:53,30.08,30.14,30.08,30.14,101772
01/05/1998,11:54,30.12,30.14,30.1,30.14,44525
01/05/1998,11:55,30.12,30.14,30.12,30.14,26503
01/05/1998,11:56,30.14,30.21,30.14,30.21,114851
01/05/1998,11:57,30.21,30.21,30.17,30.17,55480
01/05/1998,11:58,30.17,30.19,30.16,30.17,48059
01/05/1998,11:59,30.14,30.16,30.14,30.14,13075
01/05/1998,12:00,30.14,30.21,30.14,30.17,60781
01/05/1998,12:01,30.17,30.21,30.17,30.17,14842
01/05/1998,12:02,30.19,30.19,30.17,30.17,47706
01/05/1998,12:03,30.17,30.19,30.16,30.19,19789
01/05/1998,12:04,30.21,30.21,30.17,30.21,174568
01/05/1998,12:05,30.17,30.21,30.17,30.21,20496
01/05/1998,12:06,30.21,30.21,30.19,30.19,42055
01/05/1998,12:07,30.21,30.21,30.21,30.21,32864
01/05/1998,12:08,30.21,30.21,30.19,30.19,3887
01/05/1998,12:09,30.19,30.21,30.19,30.19,12368
01/05/1998,12:10,30.19,30.19,30.19,30.19,3534
01/05/1998,12:11,30.17,30.19,30.16,30.16,56187
01/05/1998,12:12,30.19,30.19,30.14,30.14,35691
01/05/1998,12:13,30.14,30.16,30.14,30.16,16255
01/05/1998,12:14,30.14,30.14,30.14,30.14,3180
01/05/1998,12:15,30.16,30.16,30.16,30.16,3180
01/05/1998,12:16,30.17,30.17,30.14,30.14,383417
01/05/1998,12:17,30.14,30.14,30.14,30.14,1060
01/05/1998,12:18,30.16,30.17,30.16,30.16,106013
01/05/1998,12:19,30.16,30.17,30.16,30.17,65021
01/05/1998,12:20,30.17,30.17,30.12,30.12,44879
01/05/1998,12:21,30.12,30.14,30.12,30.14,16609
01/05/1998,12:22,30.14,30.16,30.14,30.14,43819
01/05/1998,12:23,30.12,30.14,30.12,30.14,4594
01/05/1998,12:24,30.14,30.14,30.12,30.12,17315
01/05/1998,12:25,30.14,30.14,30.14,30.14,1060
01/05/1998,12:26,30.16,30.16,30.16,30.16,707
01/05/1998,12:27,30.12,30.12,30.07,30.07,39225
01/05/1998,12:28,30.07,30.08,30.05,30.05,17315
01/05/1998,12:29,30.07,30.07,30.07,30.07,32864
01/05/1998,12:30,30.07,30.08,30.07,30.07,8128
01/05/1998,12:31,30.07,30.07,30.07,30.07,10248
01/05/1998,12:32,30.05,30.07,30.03,30.03,10248
01/05/1998,12:33,30.03,30.05,30.03,30.05,7774
01/05/1998,12:34,30,30.05,30,30.05,30744
01/05/1998,12:35,30.05,30.05,30.03,30.03,7421
01/05/1998,12:36,30.05,30.05,30.05,30.05,16962
01/05/1998,12:37,30.03,30.05,30.03,30.03,58661
01/05/1998,12:38,30,30.01,30,30.01,13782
01/05/1998,12:39,30,30.03,30,30.03,5301
01/05/1998,12:40,30,30,30,30,126155
01/05/1998,12:41,30.01,30.01,30,30,15549
01/05/1998,12:42,30.01,30.01,30,30.01,25090
01/05/1998,12:43,30,30.01,30,30.01,13428
01/05/1998,12:45,30,30.01,30,30,11308
01/05/1998,12:46,30,30,30,30,1414
01/05/1998,12:47,30,30,30,30,54420
01/05/1998,12:48,30,30,30,30,22263
01/05/1998,12:49,30,30,29.98,30,6361
01/05/1998,12:50,29.98,30,29.98,30,160786
01/05/1998,12:51,30,30,30,30,56187
01/05/1998,12:52,29.98,30,29.98,30,104246
01/05/1998,12:53,30,30,30,30,209199
01/05/1998,12:54,29.98,30.03,29.98,30,12368
01/05/1998,12:55,30.03,30.03,30.03,30.03,7068
01/05/1998,12:56,30.03,30.03,30.03,30.03,5301
01/05/1998,12:57,30.03,30.03,30.03,30.03,14135
01/05/1998,12:58,30.05,30.05,30.03,30.05,59367
01/05/1998,12:59,30.03,30.03,30.03,30.03,1414
01/05/1998,13:00,30.07,30.07,30.05,30.05,4594
01/05/1998,13:01,30.07,30.07,30.05,30.07,91171
01/05/1998,13:02,30.07,30.07,30.01,30.07,20496
01/05/1998,13:03,30.03,30.03,29.98,29.98,31804
01/05/1998,13:04,29.98,30,29.98,30,23323
01/05/1998,13:05,29.98,30,29.98,30,4597
01/05/1998,13:06,29.96,29.96,29.96,29.96,75976
01/05/1998,13:07,29.96,29.96,29.96,29.96,42405
01/05/1998,13:08,29.93,29.96,29.93,29.93,79863
01/05/1998,13:09,29.93,29.94,29.91,29.91,50179
01/05/1998,13:10,29.91,29.91,29.89,29.89,3887
01/05/1998,13:11,29.91,29.96,29.91,29.96,86577
01/05/1998,13:12,29.98,29.98,29.96,29.98,19789
01/05/1998,13:13,29.98,30,29.96,30,9188
01/05/1998,13:14,29.98,29.98,29.98,29.98,35338
01/05/1998,13:15,29.96,30,29.96,29.98,53360
01/05/1998,13:16,29.98,29.98,29.96,29.98,30390
01/05/1998,13:17,29.98,29.98,29.96,29.98,6007
01/05/1998,13:18,29.98,30,29.98,30,29330
01/05/1998,13:19,30,30,30,30,86931
01/05/1998,13:20,29.96,30.01,29.96,30.01,33924
01/05/1998,13:21,30,30.01,30,30.01,8834
01/05/1998,13:22,30.01,30.01,29.98,29.98,68908
01/05/1998,13:23,29.98,30,29.98,30,76329
01/05/1998,13:24,30.03,30.03,29.96,29.96,3180
01/05/1998,13:25,30,30,30,30,34631
01/05/1998,13:26,30,30.03,29.96,30,49119
01/05/1998,13:27,30.03,30.07,30.03,30.07,49826
01/05/1998,13:28,30.03,30.07,30.03,30.07,10955
01/05/1998,13:29,30.03,30.05,30.03,30.05,11308
01/05/1998,13:30,30.05,30.07,30.03,30.03,25090
01/05/1998,13:31,30.05,30.05,30.03,30.03,5654
01/05/1998,13:32,30.03,30.05,30.03,30.05,1767
01/05/1998,13:33,30.03,30.05,30.03,30.03,63254
01/05/1998,13:34,30.04,30.05,30.01,30.05,17315
01/05/1998,13:35,30.03,30.05,30.03,30.05,13428
01/05/1998,13:36,30.05,30.05,30.05,30.05,11661
01/05/1998,13:37,30.05,30.05,30.05,30.05,1767
01/05/1998,13:38,30.03,30.05,30.03,30.05,12015
01/05/1998,13:39,30.05,30.05,30.03,30.03,707
01/05/1998,13:40,30.03,30.03,30.03,30.03,353
01/05/1998,13:41,30.07,30.07,30.05,30.05,93998
01/05/1998,13:42,30.05,30.07,30.05,30.05,6007
01/05/1998,13:43,30.05,30.05,30.03,30.03,28624
01/05/1998,13:44,30.03,30.03,30.03,30.03,27917
01/05/1998,13:45,30.03,30.03,30.03,30.03,353
01/05/1998,13:46,30.03,30.03,30,30,14135
01/05/1998,13:47,30.03,30.03,30.01,30.01,29330
01/05/1998,13:48,30.01,30.05,30.01,30.03,41698
01/05/1998,13:49,30.03,30.03,30.01,30.01,707
01/05/1998,13:50,30.01,30.01,30,30,171034
01/05/1998,13:51,29.98,29.98,29.96,29.98,72096
01/05/1998,13:52,29.96,30,29.96,30,56187
01/05/1998,13:53,30,30.05,29.98,30.05,47706
01/05/1998,13:54,30.01,30.03,30.01,30.03,14135
01/05/1998,13:55,30.01,30.01,30.01,30.01,4594
01/05/1998,13:56,29.98,29.98,29.98,29.98,707
01/05/1998,13:57,30,30.03,29.98,29.98,8834
01/05/1998,13:58,30,30.01,29.96,29.96,5654
01/05/1998,13:59,29.98,29.98,29.98,29.98,209906
01/05/1998,14:00,29.98,30.01,29.98,29.98,10601
01/05/1998,14:01,29.98,30,29.98,29.98,21909
01/05/1998,14:02,29.98,30,29.96,29.96,26150
01/05/1998,14:03,30,30,29.98,29.98,4241
01/05/1998,14:04,29.98,29.98,29.98,29.98,3534
01/05/1998,14:05,29.98,29.98,29.98,29.98,12368
01/05/1998,14:06,29.96,29.96,29.96,29.96,220507
01/05/1998,14:07,29.94,29.94,29.93,29.93,64315
01/05/1998,14:08,29.93,29.94,29.91,29.91,104600
01/05/1998,14:09,29.91,29.93,29.91,29.91,81277
01/05/1998,14:10,29.89,29.89,29.87,29.89,66788
01/05/1998,14:11,29.87,29.89,29.87,29.89,25797
01/05/1998,14:12,29.89,29.96,29.87,29.96,96118
01/05/1998,14:13,29.96,30,29.94,29.96,59367
01/05/1998,14:14,29.96,30,29.96,30,45939
01/05/1998,14:15,29.94,30,29.91,29.91,65021
01/05/1998,14:16,29.94,29.96,29.93,29.93,13075
01/05/1998,14:17,29.93,29.96,29.93,29.96,8834
01/05/1998,14:18,29.96,29.98,29.96,29.96,8481
01/05/1998,14:19,29.96,29.96,29.96,29.96,2474
01/05/1998,14:20,29.98,29.98,29.96,29.96,16255
01/05/1998,14:21,29.98,30,29.96,29.98,83397
01/05/1998,14:22,29.96,30,29.94,29.96,20496
01/05/1998,14:23,29.96,29.98,29.96,29.96,15556
01/05/1998,14:24,29.98,29.98,29.98,29.98,30037
01/05/1998,14:25,29.98,30.01,29.98,30.01,57954
01/05/1998,14:26,30.01,30.03,30.01,30.03,6714
01/05/1998,14:27,30.01,30.03,30,30.01,12015
01/05/1998,14:28,30,30,30,30,2120
01/05/1998,14:29,30.01,30.01,30.01,30.01,4947
01/05/1998,14:30,30.01,30.03,30,30,19789
01/05/1998,14:31,30,30.03,30,30.01,1767
01/05/1998,14:32,30.01,30.03,30.01,30.03,18022
01/05/1998,14:33,30.03,30.05,30.03,30.05,39932
01/05/1998,14:34,30.05,30.05,30.03,30.03,9188
01/05/1998,14:35,30.07,30.07,30.07,30.07,23676
01/05/1998,14:36,30.07,30.07,30.07,30.07,7774
01/05/1998,14:37,30.07,30.07,30.05,30.07,18376
01/05/1998,14:38,30.03,30.07,30.03,30.07,50533
01/05/1998,14:39,30.07,30.1,30.07,30.1,17315
01/05/1998,14:40,30.1,30.1,30.1,30.1,17315
01/05/1998,14:41,30.1,30.1,30.07,30.1,7774
01/05/1998,14:42,30.1,30.1,30.08,30.08,5301
01/05/1998,14:43,30.08,30.08,30.08,30.08,707
01/05/1998,14:44,30.07,30.07,30.03,30.03,112020
01/05/1998,14:45,30.03,30.05,30.03,30.03,38165
01/05/1998,14:46,30.03,30.07,30.03,30.03,4594
01/05/1998,14:47,30.03,30.03,30.03,30.03,9541
01/05/1998,14:48,30.05,30.05,30,30.03,27917
01/05/1998,14:49,30.03,30.07,30.03,30.07,11661
01/05/1998,14:50,30.07,30.08,30.07,30.08,39225
01/05/1998,14:51,30.03,30.08,30.03,30.08,1414
01/05/1998,14:52,30.05,30.08,30.03,30.03,18376
01/05/1998,14:53,30.05,30.05,30.05,30.05,7068
01/05/1998,14:54,30.07,30.07,30.05,30.05,5654
01/05/1998,14:55,30.05,30.05,30.05,30.05,8834
01/05/1998,14:56,30.03,30.07,30.03,30.07,5301
01/05/1998,14:57,30.07,30.1,30.05,30.1,14488
01/05/1998,14:58,30.1,30.1,30.08,30.1,34278
01/05/1998,14:59,30.08,30.12,30.07,30.12,29330
01/05/1998,15:00,30.14,30.19,30.12,30.19,116614
01/05/1998,15:01,30.23,30.23,30.16,30.19,134637
01/05/1998,15:02,30.23,30.23,30.17,30.17,27563
01/05/1998,15:03,30.19,30.21,30.19,30.19,50533
01/05/1998,15:04,30.19,30.21,30.17,30.17,56540
01/05/1998,15:05,30.17,30.19,30.17,30.17,51593
01/05/1998,15:06,30.19,30.19,30.12,30.12,23323
01/05/1998,15:07,30.12,30.14,30.12,30.12,39946
01/05/1998,15:08,30.12,30.14,30.12,30.12,26503
01/05/1998,15:09,30.12,30.12,30.12,30.12,5301
01/05/1998,15:10,30.1,30.14,30.1,30.12,116968
01/05/1998,15:11,30.14,30.14,30.14,30.14,10248
01/05/1998,15:12,30.12,30.14,30.12,30.14,19436
01/05/1998,15:13,30.16,30.17,30.14,30.16,19436
01/05/1998,15:14,30.17,30.17,30.17,30.17,13428
01/05/1998,15:15,30.14,30.14,30.14,30.14,1060
01/05/1998,15:16,30.17,30.17,30.16,30.17,24030
01/05/1998,15:17,30.17,30.17,30.16,30.16,21203
01/05/1998,15:18,30.17,30.17,30.16,30.16,15195
01/05/1998,15:19,30.17,30.17,30.16,30.17,28270
01/05/1998,15:20,30.16,30.16,30.16,30.16,10955
01/05/1998,15:21,30.19,30.19,30.14,30.14,10955
01/05/1998,15:22,30.14,30.14,30.12,30.12,66435
01/05/1998,15:23,30.12,30.14,30.08,30.08,36398
01/05/1998,15:24,30.08,30.1,30.07,30.1,48413
01/05/1998,15:25,30.08,30.08,30.05,30.05,39932
01/05/1998,15:26,30.07,30.07,30.03,30.05,7068
01/05/1998,15:27,30.03,30.03,30.01,30.01,51593
01/05/1998,15:28,30.01,30.03,30.01,30.03,12368
01/05/1998,15:29,30.01,30.01,29.98,30,149478
01/05/1998,15:30,30,30.03,29.98,29.98,51240
01/05/1998,15:31,29.96,29.98,29.96,29.98,13782
01/05/1998,15:32,30,30,29.96,29.96,53360
01/05/1998,15:33,29.96,29.98,29.96,29.96,127216
01/05/1998,15:34,29.96,29.96,29.96,29.96,25090
01/05/1998,15:35,29.96,29.98,29.96,29.98,7068
01/05/1998,15:36,29.96,29.96,29.96,29.96,22616
01/05/1998,15:37,29.93,29.93,29.93,29.93,9895
01/05/1998,15:38,29.93,29.94,29.91,29.91,30744
01/05/1998,15:39,29.91,29.93,29.89,29.89,22969
01/05/1998,15:40,29.89,29.89,29.85,29.87,35691
01/05/1998,15:41,29.85,29.85,29.78,29.82,83044
01/05/1998,15:42,29.84,29.84,29.78,29.82,71735
01/05/1998,15:43,29.85,29.87,29.82,29.84,64675
01/05/1998,15:44,29.89,29.89,29.89,29.89,53713
01/05/1998,15:45,29.87,29.93,29.87,29.93,9541
01/05/1998,15:46,29.89,29.93,29.89,29.89,30390
01/05/1998,15:47,29.93,29.96,29.91,29.94,22616
01/05/1998,15:48,29.89,29.89,29.89,29.89,353
01/05/1998,15:49,29.91,29.91,29.87,29.89,63608
01/05/1998,15:50,29.89,29.96,29.87,29.96,58668
01/05/1998,15:51,29.93,29.96,29.93,29.93,28624
01/05/1998,15:52,29.93,29.98,29.93,29.98,28624
01/05/1998,15:53,29.98,30,29.98,30,21556
01/05/1998,15:54,30,30.03,29.96,30,32511
01/05/1998,15:55,30.01,30.05,30,30.03,49473
01/05/1998,15:56,30.07,30.07,30.03,30.07,40638
01/05/1998,15:57,30.03,30.07,30.03,30.05,59014
01/05/1998,15:58,30.07,30.08,30.05,30.05,22270
01/05/1998,15:59,30.08,30.08,30.07,30.07,38871
01/05/1998,16:00,30.1,30.12,30.1,30.12,402849
01/05/1998,16:14,30.07,30.07,30.07,30.07,1414
01/05/1998,16:24,30.12,30.12,30.12,30.12,707
01/06/1998,09:36,29.82,29.82,29.82,29.82,378467
01/06/1998,09:37,29.82,29.85,29.82,29.85,40285
01/06/1998,09:38,29.85,29.89,29.82,29.89,74209
01/06/1998,09:39,29.89,29.91,29.82,29.91,184109
01/06/1998,09:40,29.85,29.91,29.85,29.91,12368
01/06/1998,09:41,29.91,30,29.91,30,99659
01/06/1998,09:42,29.89,30.01,29.89,30.01,76333
01/06/1998,09:43,30.01,30.05,30,30,43465
01/06/1998,09:44,30,30.01,29.96,29.98,40992
01/06/1998,09:45,29.98,29.98,29.93,29.94,17315
01/06/1998,09:46,29.93,29.93,29.91,29.93,23676
01/06/1998,09:47,29.93,29.93,29.87,29.87,49473
01/06/1998,09:48,29.87,29.89,29.87,29.87,8481
01/06/1998,09:49,29.89,29.89,29.85,29.89,20142
01/06/1998,09:50,29.89,29.93,29.87,29.93,30037
01/06/1998,09:51,29.96,29.96,29.89,29.94,26157
01/06/1998,09:52,29.93,29.94,29.93,29.94,75623
01/06/1998,09:53,29.96,29.98,29.93,29.96,45586
01/06/1998,09:54,29.98,29.98,29.98,29.98,91878
01/06/1998,09:55,29.98,30,29.96,29.98,44536
01/06/1998,09:56,30,30.03,30,30.03,73502
01/06/1998,09:57,30.01,30.03,30.01,30.03,15549
01/06/1998,09:58,30.05,30.05,30,30.03,52653
01/06/1998,09:59,30.03,30.03,30.01,30.01,39932
01/06/1998,10:00,30.01,30.01,30.01,30.01,1767
01/06/1998,10:01,30.01,30.01,30,30,56187
01/06/1998,10:02,30,30.01,29.96,30,74563
01/06/1998,10:03,30,30,30,30,13428
01/06/1998,10:04,30.01,30.01,30,30.01,67495
01/06/1998,10:05,30.01,30.03,30,30.03,22620
01/06/1998,10:06,30.03,30.03,30.03,30.03,42405
01/06/1998,10:07,30.03,30.03,29.98,29.98,87991
01/06/1998,10:08,29.98,29.98,29.98,29.98,26150
01/06/1998,10:09,30,30,29.98,29.98,7068
01/06/1998,10:10,29.98,30,29.96,29.96,34278
01/06/1998,10:11,29.94,29.94,29.94,29.94,33571
01/06/1998,10:12,29.96,29.96,29.93,29.93,38532
01/06/1998,10:13,29.94,29.94,29.93,29.93,24736
01/06/1998,10:14,29.94,29.94,29.93,29.94,45232
01/06/1998,10:15,29.94,29.96,29.94,29.96,19436
01/06/1998,10:16,29.96,29.96,29.96,29.96,6007
01/06/1998,10:17,29.94,29.94,29.93,29.93,105306
01/06/1998,10:18,29.94,29.94,29.93,29.93,37818
01/06/1998,10:19,29.93,29.94,29.93,29.93,93998
01/06/1998,10:20,29.91,29.94,29.91,29.91,16962
01/06/1998,10:21,29.93,29.94,29.91,29.94,9188
01/06/1998,10:22,29.94,29.94,29.93,29.94,21203
01/06/1998,10:23,29.93,29.98,29.93,29.98,64671
01/06/1998,10:24,29.96,29.98,29.94,29.94,39578
01/06/1998,10:25,29.94,29.94,29.93,29.94,2827
01/06/1998,10:26,29.94,29.96,29.93,29.96,22263
01/06/1998,10:27,29.94,29.98,29.93,29.94,60438
01/06/1998,10:28,29.94,29.94,29.93,29.94,64315
01/06/1998,10:29,29.93,29.94,29.93,29.93,6714
01/06/1998,10:30,29.94,29.94,29.91,29.91,21556
01/06/1998,10:31,29.93,29.93,29.91,29.91,30037
01/06/1998,10:32,29.91,29.91,29.89,29.89,29684
01/06/1998,10:33,29.91,29.91,29.89,29.91,21567
01/06/1998,10:34,29.93,29.93,29.89,29.91,20496
01/06/1998,10:35,29.93,29.93,29.89,29.93,35691
01/06/1998,10:36,29.93,29.93,29.91,29.91,23323
01/06/1998,10:37,29.91,29.93,29.91,29.93,26857
01/06/1998,10:38,29.91,29.96,29.91,29.94,54420
01/06/1998,10:39,29.93,29.94,29.93,29.94,9191
01/06/1998,10:40,29.93,29.98,29.91,29.91,32157
01/06/1998,10:41,29.94,29.96,29.93,29.93,19436
01/06/1998,10:42,29.93,29.93,29.93,29.93,6007
01/06/1998,10:43,29.91,29.94,29.91,29.91,26857
01/06/1998,10:44,29.91,29.93,29.91,29.93,9541
01/06/1998,10:45,29.91,29.91,29.89,29.91,12368
01/06/1998,10:46,29.93,29.93,29.93,29.93,18022
01/06/1998,10:47,29.93,29.93,29.93,29.93,18376
01/06/1998,10:48,29.91,29.93,29.91,29.91,18729
01/06/1998,10:49,29.93,29.94,29.91,29.94,15195
01/06/1998,10:50,29.93,29.93,29.93,29.93,7068
01/06/1998,10:52,29.94,29.94,29.93,29.94,15549
01/06/1998,10:53,29.94,29.96,29.94,29.96,42759
01/06/1998,10:54,29.96,29.96,29.94,29.94,4947
01/06/1998,10:55,29.94,29.96,29.94,29.96,24030
01/06/1998,10:56,29.94,29.98,29.94,29.98,40638
01/06/1998,10:57,29.98,29.98,29.98,29.98,1060
01/06/1998,10:58,29.96,29.96,29.96,29.96,3180
01/06/1998,10:59,29.98,29.98,29.98,29.98,2120
01/06/1998,11:00,29.96,29.96,29.96,29.96,707
01/06/1998,11:01,29.98,29.98,29.96,29.98,126862
01/06/1998,11:02,29.96,29.96,29.94,29.96,38518
01/06/1998,11:03,29.96,29.98,29.96,29.96,5654
01/06/1998,11:04,29.96,29.98,29.96,29.96,2474
01/06/1998,11:05,29.98,29.98,29.98,29.98,11308
01/06/1998,11:06,29.98,29.98,29.96,29.96,31097
01/06/1998,11:07,29.96,29.98,29.96,29.96,20849
01/06/1998,11:08,29.98,29.98,29.96,29.96,1060
01/06/1998,11:09,29.96,29.96,29.96,29.96,12015
01/06/1998,11:10,29.96,29.98,29.96,29.96,49119
01/06/1998,11:11,29.96,29.98,29.96,29.96,16609
01/06/1998,11:12,29.96,29.98,29.96,29.96,2474
01/06/1998,11:13,29.98,29.98,29.96,29.96,1060
01/06/1998,11:14,29.96,29.98,29.96,29.98,12722
01/06/1998,11:15,29.96,29.96,29.96,29.96,24030
01/06/1998,11:16,29.96,29.96,29.96,29.96,3887
01/06/1998,11:17,29.98,29.98,29.96,29.96,31097
01/06/1998,11:18,29.98,29.98,29.98,29.98,54067
01/06/1998,11:19,29.96,29.98,29.96,29.98,10248
01/06/1998,11:20,29.96,29.98,29.96,29.96,43819
01/06/1998,11:21,29.98,29.98,29.96,29.98,5654
01/06/1998,11:22,29.96,29.96,29.94,29.94,102833
01/06/1998,11:23,29.96,29.96,29.96,29.96,3534
01/06/1998,11:24,29.98,29.98,29.96,29.96,24030
01/06/1998,11:25,29.98,29.98,29.96,29.98,21556
01/06/1998,11:26,30,30,29.96,29.98,20142
01/06/1998,11:27,29.96,29.96,29.96,29.96,11308
01/06/1998,11:28,29.96,29.98,29.94,29.94,6007
01/06/1998,11:29,29.94,29.98,29.94,29.98,9188
01/06/1998,11:30,29.96,29.96,29.94,29.94,36398
01/06/1998,11:31,29.96,29.96,29.96,29.96,12722
01/06/1998,11:32,29.96,29.98,29.96,29.98,59014
01/06/1998,11:33,29.96,29.96,29.96,29.96,707
01/06/1998,11:34,29.98,29.98,29.94,29.94,11308
01/06/1998,11:35,29.96,29.96,29.93,29.96,28977
01/06/1998,11:36,29.96,29.98,29.93,29.96,45586
01/06/1998,11:37,29.98,29.98,29.94,29.94,20853
01/06/1998,11:38,29.96,29.96,29.96,29.96,5654
01/06/1998,11:39,29.98,29.98,29.98,29.98,22263
01/06/1998,11:40,29.96,29.98,29.96,29.96,3534
01/06/1998,11:41,29.96,29.96,29.94,29.94,61841
01/06/1998,11:42,29.94,29.96,29.94,29.94,8834
01/06/1998,11:43,29.94,29.96,29.94,29.96,5654
01/06/1998,11:44,29.96,29.96,29.94,29.96,3180
01/06/1998,11:45,29.96,29.96,29.94,29.94,5304
01/06/1998,11:46,29.94,29.94,29.94,29.94,5301
01/06/1998,11:47,29.94,29.94,29.94,29.94,4947
01/06/1998,11:49,29.94,29.94,29.94,29.94,1060
01/06/1998,11:50,29.94,29.94,29.94,29.94,3534
01/06/1998,11:51,29.94,29.94,29.94,29.94,16609
01/06/1998,11:52,29.94,29.94,29.94,29.94,9541
01/06/1998,11:53,29.96,29.96,29.94,29.96,39578
01/06/1998,11:55,29.93,29.93,29.93,29.93,6007
01/06/1998,11:56,29.94,29.94,29.93,29.93,1060
01/06/1998,11:57,29.93,29.94,29.93,29.94,1414
01/06/1998,11:58,29.93,29.93,29.93,29.93,51946
01/06/1998,11:59,29.93,29.93,29.93,29.93,143824
01/06/1998,12:00,29.93,29.93,29.93,29.93,1767
01/06/1998,12:01,29.93,29.93,29.89,29.89,14135
01/06/1998,12:02,29.89,29.91,29.89,29.91,30744
01/06/1998,12:03,29.91,29.93,29.91,29.93,7424
01/06/1998,12:04,29.91,29.91,29.87,29.87,33217
01/06/1998,12:06,29.87,29.89,29.87,29.89,4241
01/06/1998,12:07,29.87,29.89,29.87,29.87,4947
01/06/1998,12:08,29.87,29.87,29.87,29.87,7068
01/06/1998,12:09,29.87,29.89,29.87,29.89,2827
01/06/1998,12:10,29.89,29.89,29.87,29.87,22616
01/06/1998,12:11,29.87,29.91,29.87,29.89,14135
01/06/1998,12:12,29.89,29.91,29.87,29.91,24030
01/06/1998,12:13,29.91,29.93,29.89,29.93,19436
01/06/1998,12:14,29.89,29.89,29.89,29.89,2120
01/06/1998,12:15,29.91,29.91,29.89,29.91,71735
01/06/1998,12:16,29.91,29.91,29.91,29.91,353
01/06/1998,12:17,29.93,29.93,29.91,29.91,2474
01/06/1998,12:18,29.91,29.91,29.91,29.91,2120
01/06/1998,12:19,29.89,29.91,29.89,29.89,9895
01/06/1998,12:20,29.91,29.91,29.89,29.89,4947
01/06/1998,12:21,29.89,29.89,29.89,29.89,1767
01/06/1998,12:22,29.89,29.89,29.89,29.89,3534
01/06/1998,12:23,29.91,29.91,29.89,29.89,9541
01/06/1998,12:24,29.91,29.91,29.89,29.91,78803
01/06/1998,12:25,29.91,29.93,29.91,29.91,10248
01/06/1998,12:26,29.91,29.91,29.91,29.91,20142
01/06/1998,12:27,29.91,29.91,29.91,29.91,3887
01/06/1998,12:28,29.91,29.93,29.91,29.91,28624
01/06/1998,12:29,29.91,29.91,29.91,29.91,17669
01/06/1998,12:30,29.91,29.93,29.91,29.93,9188
01/06/1998,12:31,29.93,29.93,29.91,29.93,55127
01/06/1998,12:32,29.93,29.94,29.93,29.94,7774
01/06/1998,12:33,29.93,29.93,29.93,29.93,40992
01/06/1998,12:34,29.94,29.94,29.93,29.94,6007
01/06/1998,12:35,29.93,29.93,29.93,29.93,20849
01/06/1998,12:36,29.91,29.93,29.91,29.91,4947
01/06/1998,12:37,29.89,29.91,29.89,29.91,3887
01/06/1998,12:38,29.91,29.93,29.91,29.91,11308
01/06/1998,12:39,29.89,29.91,29.89,29.89,14842
01/06/1998,12:40,29.91,29.91,29.89,29.89,6007
01/06/1998,12:41,29.89,29.91,29.89,29.89,10248
01/06/1998,12:42,29.91,29.91,29.89,29.91,6007
01/06/1998,12:43,29.89,29.91,29.89,29.91,4241
01/06/1998,12:44,29.91,29.93,29.91,29.93,3180
01/06/1998,12:45,29.93,29.93,29.91,29.93,21203
01/06/1998,12:46,29.93,29.94,29.93,29.94,9188
01/06/1998,12:48,29.93,29.93,29.93,29.93,32157
01/06/1998,12:49,29.93,29.93,29.91,29.91,7774
01/06/1998,12:50,29.91,29.93,29.91,29.91,9541
01/06/1998,12:51,29.91,29.91,29.91,29.91,707
01/06/1998,12:52,29.91,29.91,29.89,29.89,707
01/06/1998,12:53,29.93,29.93,29.91,29.91,1414
01/06/1998,12:54,29.93,29.93,29.93,29.93,77390
01/06/1998,12:55,29.91,29.94,29.91,29.93,10955
01/06/1998,12:56,29.94,29.96,29.94,29.94,7071
01/06/1998,12:57,29.94,29.96,29.94,29.96,2474
01/06/1998,12:58,29.94,29.96,29.94,29.96,22263
01/06/1998,12:59,29.96,29.96,29.94,29.96,16255
01/06/1998,13:00,29.96,29.98,29.96,29.98,18022
01/06/1998,13:01,29.96,29.98,29.96,29.98,7068
01/06/1998,13:02,29.98,29.98,29.96,29.98,23323
01/06/1998,13:03,29.96,29.98,29.96,29.98,16255
01/06/1998,13:04,29.98,29.98,29.98,29.98,20142
01/06/1998,13:05,29.98,29.98,29.96,29.96,5654
01/06/1998,13:06,29.96,29.96,29.96,29.96,3534
01/06/1998,13:07,29.96,29.98,29.96,29.96,8128
01/06/1998,13:08,29.96,29.96,29.96,29.96,3534
01/06/1998,13:09,29.94,29.96,29.94,29.94,40638
01/06/1998,13:10,29.94,29.96,29.94,29.96,15549
01/06/1998,13:11,29.96,29.98,29.94,29.98,5301
01/06/1998,13:12,29.98,29.98,29.96,29.96,12722
01/06/1998,13:14,29.96,29.96,29.96,29.96,353
01/06/1998,13:15,29.96,29.96,29.96,29.96,1767
01/06/1998,13:16,29.96,29.96,29.96,29.96,353
01/06/1998,13:17,29.96,29.98,29.96,29.98,20849
01/06/1998,13:18,29.96,29.98,29.96,29.96,14488
01/06/1998,13:19,29.98,29.98,29.98,29.98,7068
01/06/1998,13:20,30,30,30,30,148418
01/06/1998,13:21,30,30.03,30,30,73502
01/06/1998,13:22,30,30,30,30,131810
01/06/1998,13:23,30,30.01,30,30.01,30037
01/06/1998,13:24,30.03,30.05,30.03,30.03,30037
01/06/1998,13:25,30.03,30.05,30.01,30.03,14496
01/06/1998,13:26,30,30.01,30,30,33924
01/06/1998,13:27,30,30.01,30,30.01,10955
01/06/1998,13:28,30,30.01,30,30.01,13782
01/06/1998,13:29,30,30.01,30,30.01,7421
01/06/1998,13:30,30.01,30.01,30,30.01,27563
01/06/1998,13:31,30.01,30.01,30,30.01,75976
01/06/1998,13:32,30.01,30.03,30,30.03,48766
01/06/1998,13:33,30.05,30.05,30.05,30.05,6007
01/06/1998,13:34,30,30.05,30,30.05,20496
01/06/1998,13:35,30.01,30.01,30.01,30.01,12015
01/06/1998,13:36,30.01,30.03,30.01,30.03,6361
01/06/1998,13:37,30.01,30.01,30.01,30.01,31451
01/06/1998,13:38,30.01,30.01,30.01,30.01,6007
01/06/1998,13:39,30,30.01,30,30.01,2827
01/06/1998,13:40,30.03,30.05,30.03,30.05,56894
01/06/1998,13:41,30.01,30.05,30.01,30.05,35691
01/06/1998,13:42,30.07,30.1,30.07,30.1,81277
01/06/1998,13:43,30.1,30.1,30.07,30.07,8128
01/06/1998,13:44,30.07,30.08,30.07,30.07,8128
01/06/1998,13:45,30.08,30.14,30.07,30.14,66788
01/06/1998,13:46,30.14,30.14,30.12,30.12,25443
01/06/1998,13:47,30.1,30.12,30.1,30.1,38518
01/06/1998,13:48,30.07,30.1,30.05,30.05,39578
01/06/1998,13:49,30.07,30.08,30.05,30.08,5301
01/06/1998,13:50,30.08,30.08,30.07,30.07,2120
01/06/1998,13:51,30.08,30.1,30.08,30.1,4594
01/06/1998,13:52,30.07,30.08,30.05,30.08,37105
01/06/1998,13:53,30.07,30.08,30.07,30.08,13428
01/06/1998,13:54,30.08,30.1,30.07,30.1,19082
01/06/1998,13:55,30.1,30.1,30.1,30.1,8481
01/06/1998,13:56,30.08,30.14,30.08,30.14,38165
01/06/1998,13:57,30.16,30.16,30.1,30.14,54067
01/06/1998,13:58,30.12,30.14,30.1,30.1,19439
01/06/1998,13:59,30.12,30.14,30.1,30.12,22616
01/06/1998,14:00,30.1,30.1,30.08,30.08,24030
01/06/1998,14:01,30.08,30.1,30.08,30.08,14842
01/06/1998,14:03,30.08,30.1,30.08,30.1,24030
01/06/1998,14:04,30.1,30.14,30.08,30.14,62901
01/06/1998,14:05,30.14,30.16,30.14,30.16,40285
01/06/1998,14:06,30.14,30.16,30.12,30.16,19789
01/06/1998,14:07,30.1,30.1,30.1,30.1,15195
01/06/1998,14:08,30.08,30.1,30.08,30.08,9188
01/06/1998,14:09,30.12,30.14,30.08,30.14,24383
01/06/1998,14:10,30.14,30.19,30.1,30.17,63608
01/06/1998,14:11,30.17,30.23,30.17,30.23,40645
01/06/1998,14:12,30.21,30.23,30.21,30.23,21556
01/06/1998,14:13,30.19,30.21,30.19,30.21,9895
01/06/1998,14:14,30.23,30.24,30.23,30.23,56894
01/06/1998,14:15,30.21,30.24,30.21,30.21,12015
01/06/1998,14:16,30.23,30.24,30.21,30.21,103539
01/06/1998,14:17,30.19,30.21,30.16,30.16,57600
01/06/1998,14:18,30.16,30.17,30.16,30.17,29334
01/06/1998,14:19,30.17,30.21,30.17,30.21,40638
01/06/1998,14:20,30.17,30.17,30.17,30.17,6714
01/06/1998,14:21,30.17,30.17,30.17,30.17,26503
01/06/1998,14:22,30.17,30.19,30.17,30.17,25443
01/06/1998,14:23,30.19,30.19,30.16,30.16,35691
01/06/1998,14:24,30.16,30.17,30.16,30.17,35691
01/06/1998,14:25,30.17,30.21,30.16,30.21,21203
01/06/1998,14:26,30.21,30.21,30.17,30.21,181639
01/06/1998,14:27,30.17,30.21,30.17,30.21,9895
01/06/1998,14:28,30.17,30.21,30.17,30.17,16962
01/06/1998,14:29,30.23,30.24,30.23,30.24,30390
01/06/1998,14:30,30.24,30.24,30.21,30.21,11661
01/06/1998,14:31,30.21,30.24,30.19,30.19,16962
01/06/1998,14:32,30.19,30.19,30.19,30.19,4241
01/06/1998,14:33,30.19,30.19,30.17,30.17,8481
01/06/1998,14:34,30.17,30.17,30.17,30.17,28977
01/06/1998,14:35,30.21,30.21,30.17,30.21,154426
01/06/1998,14:36,30.21,30.23,30.21,30.23,48766
01/06/1998,14:37,30.24,30.24,30.21,30.21,63254
01/06/1998,14:38,30.24,30.24,30.24,30.24,8834
01/06/1998,14:39,30.24,30.24,30.23,30.24,36398
01/06/1998,14:40,30.21,30.24,30.21,30.24,29684
01/06/1998,14:41,30.24,30.26,30.21,30.26,22616
01/06/1998,14:42,30.26,30.26,30.24,30.24,56187
01/06/1998,14:43,30.26,30.28,30.26,30.28,173508
01/06/1998,14:44,30.28,30.31,30.28,30.3,72810
01/06/1998,14:45,30.3,30.31,30.28,30.3,60427
01/06/1998,14:46,30.31,30.33,30.3,30.33,16962
01/06/1998,14:47,30.33,30.33,30.26,30.26,41698
01/06/1998,14:48,30.3,30.3,30.28,30.3,29330
01/06/1998,14:49,30.28,30.28,30.26,30.26,57954
01/06/1998,14:50,30.28,30.28,30.24,30.24,17672
01/06/1998,14:51,30.21,30.24,30.19,30.23,59367
01/06/1998,14:52,30.26,30.26,30.21,30.26,12368
01/06/1998,14:53,30.24,30.26,30.24,30.26,11661
01/06/1998,14:54,30.26,30.3,30.26,30.28,48413
01/06/1998,14:55,30.26,30.28,30.24,30.24,50886
01/06/1998,14:56,30.24,30.24,30.23,30.23,16609
01/06/1998,14:57,30.21,30.21,30.19,30.19,103539
01/06/1998,14:58,30.17,30.23,30.17,30.23,32511
01/06/1998,14:59,30.23,30.24,30.23,30.24,72442
01/06/1998,15:00,30.24,30.26,30.23,30.24,90464
01/06/1998,15:01,30.23,30.26,30.23,30.24,35338
01/06/1998,15:02,30.24,30.24,30.21,30.24,12368
01/06/1998,15:03,30.19,30.19,30.12,30.12,39225
01/06/1998,15:04,30.12,30.17,30.12,30.16,65375
01/06/1998,15:05,30.17,30.17,30.14,30.14,15195
01/06/1998,15:06,30.14,30.14,30.1,30.1,45236
01/06/1998,15:07,30.14,30.14,30.08,30.12,36398
01/06/1998,15:08,30.1,30.14,30.1,30.14,27210
01/06/1998,15:09,30.16,30.17,30.16,30.17,38165
01/06/1998,15:10,30.17,30.17,30.14,30.14,60427
01/06/1998,15:11,30.17,30.19,30.14,30.17,26150
01/06/1998,15:12,30.16,30.17,30.14,30.14,45239
01/06/1998,15:13,30.14,30.14,30.14,30.14,14135
01/06/1998,15:14,30.12,30.14,30.1,30.1,26503
01/06/1998,15:15,30.12,30.12,30.1,30.1,16962
01/06/1998,15:16,30.1,30.1,30.08,30.1,10955
01/06/1998,15:17,30.1,30.1,30.1,30.1,88698
01/06/1998,15:18,30.08,30.12,30.08,30.12,6714
01/06/1998,15:19,30.12,30.14,30.12,30.14,25443
01/06/1998,15:20,30.17,30.17,30.14,30.14,20849
01/06/1998,15:21,30.1,30.1,30.1,30.1,172801
01/06/1998,15:22,30.08,30.08,30.08,30.08,7068
01/06/1998,15:23,30.08,30.08,30.01,30.03,112374
01/06/1998,15:24,30.03,30.03,30.01,30.01,10248
01/06/1998,15:25,30,30.05,30,30.01,2827
01/06/1998,15:26,30.01,30.01,30,30.01,5654
01/06/1998,15:27,30.01,30.03,30,30,79863
01/06/1998,15:28,30,30,29.94,30,84457
01/06/1998,15:29,30,30,30,30,11308
01/06/1998,15:30,30.05,30.07,30.01,30.01,42759
01/06/1998,15:31,30.03,30.05,29.98,29.98,102833
01/06/1998,15:32,30,30.05,29.98,30.05,21913
01/06/1998,15:33,29.96,29.98,29.96,29.98,32864
01/06/1998,15:34,30,30.07,29.96,30.07,46999
01/06/1998,15:35,30.03,30.03,30.01,30.01,11661
01/06/1998,15:36,30.03,30.07,30.01,30.07,49119
01/06/1998,15:37,30.05,30.1,30.03,30.1,42759
01/06/1998,15:38,30.1,30.12,30.08,30.12,25090
01/06/1998,15:39,30.12,30.12,30.08,30.1,9541
01/06/1998,15:40,30.1,30.1,30.01,30.01,90818
01/06/1998,15:41,30.03,30.03,29.91,29.93,124742
01/06/1998,15:42,29.94,29.94,29.91,29.94,34278
01/06/1998,15:43,29.94,29.94,29.91,29.93,45939
01/06/1998,15:44,29.91,29.96,29.91,29.94,27563
01/06/1998,15:45,29.94,29.96,29.94,29.94,4954
01/06/1998,15:46,29.96,30,29.93,30,10248
01/06/1998,15:47,30,30,29.96,30,9188
01/06/1998,15:48,30,30,29.94,29.94,36044
01/06/1998,15:49,29.94,29.96,29.93,29.93,69969
01/06/1998,15:50,29.93,29.96,29.93,29.93,142057
01/06/1998,15:51,29.93,29.93,29.93,29.93,18376
01/06/1998,15:52,29.89,29.94,29.89,29.93,26857
01/06/1998,15:53,29.89,29.89,29.87,29.87,32514
01/06/1998,15:54,29.87,29.89,29.85,29.87,40285
01/06/1998,15:55,29.87,29.89,29.84,29.89,158313
01/06/1998,15:56,29.89,29.93,29.89,29.93,33217
01/06/1998,15:57,29.89,29.91,29.85,29.89,228988
01/06/1998,15:58,29.85,29.91,29.85,29.87,85164
01/06/1998,15:59,29.87,29.89,29.87,29.89,39578
01/06/1998,16:00,29.85,29.85,29.82,29.84,73149
01/06/1998,16:01,29.82,29.84,29.82,29.84,98592
01/06/1998,16:03,29.84,29.84,29.84,29.84,1060
01/06/1998,16:13,29.78,29.78,29.78,29.78,353
01/06/1998,16:16,29.8,29.8,29.8,29.8,353
01/06/1998,16:17,29.84,29.84,29.84,29.84,353
01/06/1998,16:19,29.73,29.73,29.73,29.73,2474
01/06/1998,16:21,29.78,29.78,29.78,29.78,3180
01/06/1998,16:23,29.78,29.78,29.78,29.78,353
01/07/1998,09:30,29.71,29.71,29.71,29.71,467871
01/07/1998,09:31,29.71,29.71,29.71,29.71,48413
01/07/1998,09:32,29.71,29.71,29.68,29.68,8128
01/07/1998,09:33,29.71,29.71,29.61,29.61,143118
01/07/1998,09:34,29.61,29.7,29.5,29.5,86948
01/07/1998,09:35,29.5,29.52,29.5,29.5,111667
01/07/1998,09:36,29.54,29.54,29.5,29.54,84457
01/07/1998,09:37,29.52,29.54,29.5,29.54,115554
01/07/1998,09:38,29.55,29.55,29.55,29.55,38871
01/07/1998,09:39,29.57,29.59,29.57,29.59,70675
01/07/1998,09:40,29.59,29.62,29.59,29.62,38871
01/07/1998,09:41,29.62,29.62,29.59,29.61,73517
01/07/1998,09:42,29.61,29.62,29.59,29.59,57600
01/07/1998,09:43,29.55,29.62,29.54,29.55,108133
01/07/1998,09:44,29.57,29.59,29.54,29.59,50890
01/07/1998,09:45,29.57,29.59,29.54,29.55,63608
01/07/1998,09:46,29.57,29.57,29.54,29.57,14488
01/07/1998,09:47,29.57,29.57,29.57,29.57,44172
01/07/1998,09:48,29.55,29.57,29.55,29.57,37811
01/07/1998,09:49,29.57,29.59,29.54,29.59,32864
01/07/1998,09:50,29.59,29.61,29.54,29.61,47706
01/07/1998,09:51,29.57,29.61,29.57,29.59,15549
01/07/1998,09:52,29.61,29.61,29.57,29.61,132163
01/07/1998,09:53,29.61,29.61,29.59,29.59,56894
01/07/1998,09:54,29.59,29.61,29.59,29.61,104953
01/07/1998,09:55,29.62,29.62,29.59,29.62,65728
01/07/1998,09:56,29.61,29.64,29.61,29.64,84810
01/07/1998,09:57,29.64,29.64,29.64,29.64,3887
01/07/1998,09:58,29.62,29.64,29.59,29.59,48059
01/07/1998,09:59,29.57,29.62,29.57,29.57,57247
01/07/1998,10:00,29.54,29.55,29.54,29.54,194361
01/07/1998,10:01,29.52,29.54,29.52,29.54,13428
01/07/1998,10:02,29.55,29.55,29.54,29.54,16609
01/07/1998,10:03,29.54,29.54,29.54,29.54,22969
01/07/1998,10:04,29.54,29.55,29.5,29.55,155839
01/07/1998,10:05,29.52,29.52,29.5,29.5,3887
01/07/1998,10:06,29.47,29.5,29.47,29.47,68202
01/07/1998,10:07,29.47,29.47,29.47,29.47,30744
01/07/1998,10:08,29.47,29.47,29.43,29.43,121212
01/07/1998,10:09,29.41,29.45,29.36,29.36,203192
01/07/1998,10:10,29.36,29.36,29.32,29.32,38871
01/07/1998,10:11,29.34,29.34,29.29,29.29,99302
01/07/1998,10:12,29.29,29.34,29.29,29.34,32157
01/07/1998,10:13,29.34,29.39,29.29,29.39,133223
01/07/1998,10:14,29.39,29.39,29.32,29.32,70679
01/07/1998,10:15,29.32,29.39,29.31,29.31,59014
01/07/1998,10:16,29.31,29.39,29.29,29.39,13428
01/07/1998,10:17,29.29,29.31,29.25,29.27,52300
01/07/1998,10:18,29.25,29.29,29.25,29.25,57954
01/07/1998,10:19,29.27,29.27,29.24,29.24,50890
01/07/1998,10:20,29.25,29.27,29.22,29.25,48766
01/07/1998,10:21,29.27,29.27,29.24,29.27,27563
01/07/1998,10:22,29.27,29.27,29.22,29.22,55127
01/07/1998,10:23,29.22,29.25,29.22,29.22,119795
01/07/1998,10:24,29.22,29.24,29.18,29.18,59371
01/07/1998,10:25,29.18,29.22,29.17,29.18,154072
01/07/1998,10:26,29.18,29.2,29.17,29.18,65728
01/07/1998,10:27,29.2,29.22,29.18,29.22,135697
01/07/1998,10:28,29.2,29.25,29.18,29.25,41698
01/07/1998,10:29,29.22,29.24,29.22,29.24,84104
01/07/1998,10:30,29.22,29.22,29.2,29.2,39228
01/07/1998,10:31,29.2,29.2,29.18,29.18,89051
01/07/1998,10:32,29.17,29.18,29.15,29.15,22616
01/07/1998,10:33,29.11,29.18,29.11,29.13,120509
01/07/1998,10:34,29.08,29.18,29.08,29.08,145591
01/07/1998,10:35,29.08,29.11,29.08,29.11,87284
01/07/1998,10:36,29.11,29.15,29.11,29.15,53360
01/07/1998,10:37,29.11,29.17,29.11,29.11,36751
01/07/1998,10:38,29.08,29.11,29.04,29.04,67862
01/07/1998,10:39,29.04,29.06,29.04,29.04,110960
01/07/1998,10:40,29.04,29.04,29.04,29.04,39932
01/07/1998,10:41,29.04,29.08,29.04,29.08,116968
01/07/1998,10:42,29.08,29.11,29.06,29.11,39578
01/07/1998,10:43,29.13,29.15,29.09,29.15,43465
01/07/1998,10:44,29.13,29.15,29.09,29.15,44525
01/07/1998,10:45,29.15,29.15,29.15,29.15,206372
01/07/1998,10:46,29.15,29.15,29.13,29.15,39578
01/07/1998,10:47,29.11,29.15,29.11,29.11,14488
01/07/1998,10:48,29.13,29.13,29.13,29.13,46292
01/07/1998,10:49,29.15,29.2,29.15,29.2,32511
01/07/1998,10:50,29.2,29.22,29.18,29.2,72442
01/07/1998,10:51,29.2,29.2,29.2,29.2,23323
01/07/1998,10:52,29.22,29.22,29.2,29.2,13785
01/07/1998,10:53,29.18,29.18,29.18,29.18,4594
01/07/1998,10:54,29.18,29.18,29.18,29.18,19436
01/07/1998,10:55,29.2,29.2,29.18,29.2,11661
01/07/1998,10:56,29.18,29.18,29.15,29.15,73502
01/07/1998,10:57,29.15,29.17,29.15,29.15,74916
01/07/1998,10:58,29.15,29.18,29.15,29.18,52300
01/07/1998,10:59,29.15,29.18,29.15,29.18,16969
01/07/1998,11:00,29.2,29.22,29.17,29.18,40638
01/07/1998,11:01,29.18,29.18,29.17,29.18,57247
01/07/1998,11:02,29.18,29.18,29.18,29.18,4241
01/07/1998,11:03,29.18,29.22,29.18,29.22,39932
01/07/1998,11:04,29.22,29.27,29.17,29.24,109193
01/07/1998,11:05,29.27,29.29,29.25,29.25,89411
01/07/1998,11:06,29.27,29.32,29.27,29.27,23323
01/07/1998,11:07,29.27,29.29,29.25,29.25,10601
01/07/1998,11:08,29.25,29.25,29.22,29.22,19789
01/07/1998,11:09,29.2,29.22,29.2,29.22,4594
01/07/1998,11:10,29.22,29.22,29.22,29.22,8481
01/07/1998,11:11,29.22,29.24,29.18,29.18,15549
01/07/1998,11:12,29.18,29.2,29.18,29.2,9188
01/07/1998,11:13,29.18,29.18,29.15,29.15,26503
01/07/1998,11:14,29.2,29.22,29.17,29.22,27563
01/07/1998,11:15,29.24,29.25,29.24,29.25,7421
01/07/1998,11:16,29.25,29.27,29.25,29.27,5301
01/07/1998,11:17,29.24,29.27,29.24,29.25,42766
01/07/1998,11:18,29.25,29.25,29.25,29.25,3534
01/07/1998,11:19,29.25,29.25,29.25,29.25,21909
01/07/1998,11:20,29.25,29.25,29.22,29.22,27563
01/07/1998,11:21,29.22,29.22,29.22,29.22,10601
01/07/1998,11:22,29.22,29.24,29.22,29.22,12368
01/07/1998,11:23,29.24,29.24,29.22,29.22,25443
01/07/1998,11:24,29.25,29.25,29.25,29.25,7068
01/07/1998,11:25,29.24,29.25,29.24,29.25,13075
01/07/1998,11:26,29.24,29.25,29.24,29.25,4241
01/07/1998,11:27,29.24,29.24,29.24,29.24,53713
01/07/1998,11:28,29.24,29.24,29.24,29.24,16609
01/07/1998,11:29,29.24,29.25,29.24,29.25,36751
01/07/1998,11:30,29.25,29.27,29.25,29.27,48766
01/07/1998,11:31,29.27,29.27,29.27,29.27,20142
01/07/1998,11:32,29.29,29.29,29.27,29.27,5654
01/07/1998,11:33,29.27,29.27,29.25,29.27,15902
01/07/1998,11:34,29.27,29.27,29.27,29.27,11661
01/07/1998,11:35,29.25,29.25,29.25,29.25,33924
01/07/1998,11:36,29.25,29.26,29.22,29.22,153719
01/07/1998,11:37,29.24,29.24,29.22,29.24,40638
01/07/1998,11:38,29.25,29.25,29.22,29.25,16255
01/07/1998,11:39,29.24,29.24,29.24,29.24,3534
01/07/1998,11:40,29.25,29.27,29.24,29.27,10248
01/07/1998,11:41,29.24,29.24,29.22,29.22,81630
01/07/1998,11:42,29.2,29.2,29.18,29.2,31451
01/07/1998,11:43,29.18,29.2,29.18,29.18,24383
01/07/1998,11:44,29.18,29.2,29.18,29.2,4594
01/07/1998,11:45,29.18,29.18,29.17,29.17,14135
01/07/1998,11:46,29.18,29.18,29.18,29.18,3534
01/07/1998,11:47,29.17,29.18,29.17,29.18,1060
01/07/1998,11:48,29.18,29.18,29.17,29.18,21203
01/07/1998,11:49,29.17,29.18,29.17,29.17,12368
01/07/1998,11:50,29.18,29.18,29.17,29.17,10248
01/07/1998,11:51,29.18,29.2,29.18,29.2,33924
01/07/1998,11:53,29.17,29.18,29.17,29.17,1767
01/07/1998,11:54,29.2,29.2,29.18,29.2,16962
01/07/1998,11:55,29.2,29.2,29.2,29.2,10248
01/07/1998,11:56,29.18,29.22,29.18,29.22,20496
01/07/1998,11:57,29.22,29.22,29.22,29.22,7068
01/07/1998,11:58,29.22,29.24,29.22,29.24,21909
01/07/1998,11:59,29.22,29.22,29.2,29.2,13075
01/07/1998,12:00,29.2,29.22,29.2,29.22,9188
01/07/1998,12:01,29.18,29.2,29.18,29.2,4947
01/07/1998,12:02,29.22,29.22,29.22,29.22,1414
01/07/1998,12:03,29.2,29.2,29.17,29.2,38871
01/07/1998,12:04,29.17,29.17,29.17,29.17,353
01/07/1998,12:06,29.18,29.18,29.18,29.18,1414
01/07/1998,12:07,29.18,29.18,29.18,29.18,353
01/07/1998,12:08,29.17,29.2,29.17,29.2,7421
01/07/1998,12:10,29.18,29.2,29.18,29.2,2827
01/07/1998,12:11,29.18,29.18,29.18,29.18,1060
01/07/1998,12:12,29.18,29.2,29.18,29.2,4594
01/07/1998,12:13,29.18,29.2,29.18,29.2,6361
01/07/1998,12:14,29.18,29.2,29.18,29.18,37105
01/07/1998,12:15,29.18,29.18,29.18,29.18,353
01/07/1998,12:16,29.15,29.18,29.15,29.18,2474
01/07/1998,12:17,29.17,29.18,29.15,29.15,13075
01/07/1998,12:18,29.18,29.18,29.17,29.17,8481
01/07/1998,12:19,29.15,29.2,29.15,29.2,26150
01/07/1998,12:20,29.15,29.22,29.15,29.2,10601
01/07/1998,12:21,29.2,29.22,29.2,29.22,5301
01/07/1998,12:22,29.2,29.22,29.2,29.22,9188
01/07/1998,12:23,29.22,29.24,29.2,29.22,29684
01/07/1998,12:24,29.18,29.22,29.18,29.22,80217
01/07/1998,12:25,29.22,29.24,29.22,29.24,20142
01/07/1998,12:26,29.24,29.24,29.22,29.22,7774
01/07/1998,12:27,29.2,29.22,29.2,29.22,17669
01/07/1998,12:28,29.2,29.2,29.17,29.17,2827
01/07/1998,12:29,29.2,29.2,29.2,29.2,17315
01/07/1998,12:30,29.22,29.22,29.17,29.17,10955
01/07/1998,12:31,29.18,29.18,29.18,29.18,2474
01/07/1998,12:32,29.17,29.18,29.17,29.17,3180
01/07/1998,12:33,29.17,29.18,29.17,29.18,3187
01/07/1998,12:35,29.17,29.18,29.17,29.18,30390
01/07/1998,12:36,29.17,29.18,29.17,29.18,24030
01/07/1998,12:37,29.18,29.18,29.18,29.18,3534
01/07/1998,12:38,29.18,29.18,29.17,29.17,3180
01/07/1998,12:39,29.18,29.18,29.17,29.18,34631
01/07/1998,12:40,29.18,29.2,29.18,29.2,19082
01/07/1998,12:41,29.18,29.18,29.17,29.17,116968
01/07/1998,12:42,29.17,29.17,29.17,29.17,1767
01/07/1998,12:43,29.17,29.17,29.17,29.17,10601
01/07/1998,12:44,29.15,29.17,29.15,29.17,310972
01/07/1998,12:45,29.17,29.18,29.15,29.15,20849
01/07/1998,12:46,29.13,29.15,29.11,29.11,44172
01/07/1998,12:47,29.15,29.15,29.08,29.11,15902
01/07/1998,12:48,29.08,29.11,29.08,29.11,44879
01/07/1998,12:49,29.11,29.13,29.11,29.13,19789
01/07/1998,12:50,29.13,29.15,29.13,29.15,34631
01/07/1998,12:51,29.15,29.15,29.15,29.15,11661
01/07/1998,12:52,29.15,29.15,29.15,29.15,25443
01/07/1998,12:53,29.15,29.15,29.15,29.15,1767
01/07/1998,12:54,29.15,29.15,29.11,29.11,4241
01/07/1998,12:55,29.15,29.15,29.11,29.11,7068
01/07/1998,12:56,29.13,29.13,29.13,29.13,13075
01/07/1998,12:57,29.11,29.13,29.11,29.13,18376
01/07/1998,12:58,29.15,29.15,29.11,29.11,7774
01/07/1998,13:00,29.11,29.15,29.11,29.15,4947
01/07/1998,13:01,29.11,29.13,29.11,29.13,6007
01/07/1998,13:02,29.11,29.11,29.09,29.11,10955
01/07/1998,13:03,29.09,29.11,29.08,29.08,28270
01/07/1998,13:04,29.08,29.08,29.08,29.08,10955
01/07/1998,13:05,29.08,29.09,29.08,29.09,17315
01/07/1998,13:06,29.09,29.11,29.09,29.11,19789
01/07/1998,13:07,29.11,29.13,29.11,29.11,25443
01/07/1998,13:08,29.09,29.15,29.09,29.09,42052
01/07/1998,13:09,29.09,29.15,29.09,29.15,4241
01/07/1998,13:10,29.09,29.15,29.09,29.15,3887
01/07/1998,13:11,29.15,29.15,29.11,29.15,11661
01/07/1998,13:12,29.13,29.15,29.11,29.11,11308
01/07/1998,13:13,29.15,29.15,29.09,29.13,10248
01/07/1998,13:15,29.13,29.15,29.11,29.11,10248
01/07/1998,13:16,29.11,29.11,29.11,29.11,8128
01/07/1998,13:17,29.11,29.11,29.11,29.11,2827
01/07/1998,13:18,29.11,29.11,29.11,29.11,1060
01/07/1998,13:19,29.13,29.13,29.13,29.13,3534
01/07/1998,13:20,29.15,29.15,29.15,29.15,39932
01/07/1998,13:21,29.15,29.17,29.13,29.17,57600
01/07/1998,13:22,29.18,29.2,29.17,29.2,32511
01/07/1998,13:23,29.2,29.22,29.2,29.22,26503
01/07/1998,13:25,29.22,29.24,29.22,29.24,37811
01/07/1998,13:26,29.22,29.22,29.18,29.18,7068
01/07/1998,13:27,29.18,29.18,29.18,29.18,9895
01/07/1998,13:28,29.18,29.2,29.18,29.2,9541
01/07/1998,13:29,29.18,29.18,29.18,29.18,19789
01/07/1998,13:30,29.2,29.2,29.2,29.2,6714
01/07/1998,13:31,29.2,29.2,29.18,29.18,6007
01/07/1998,13:32,29.2,29.2,29.18,29.18,2474
01/07/1998,13:33,29.18,29.18,29.17,29.18,4594
01/07/1998,13:34,29.18,29.2,29.18,29.2,10601
01/07/1998,13:35,29.2,29.2,29.2,29.2,9541
01/07/1998,13:36,29.2,29.2,29.2,29.2,8481
01/07/1998,13:37,29.2,29.2,29.18,29.2,12368
01/07/1998,13:38,29.2,29.22,29.2,29.22,133930
01/07/1998,13:39,29.2,29.22,29.2,29.22,24383
01/07/1998,13:40,29.22,29.22,29.22,29.22,17669
01/07/1998,13:41,29.2,29.22,29.2,29.2,14135
01/07/1998,13:42,29.2,29.2,29.18,29.18,21909
01/07/1998,13:43,29.18,29.18,29.18,29.18,4594
01/07/1998,13:44,29.18,29.18,29.18,29.18,7421
01/07/1998,13:45,29.18,29.2,29.17,29.18,110960
01/07/1998,13:46,29.18,29.24,29.17,29.24,22263
01/07/1998,13:47,29.24,29.24,29.22,29.22,35338
01/07/1998,13:48,29.22,29.24,29.22,29.24,26503
01/07/1998,13:49,29.2,29.24,29.2,29.24,24736
01/07/1998,13:51,29.22,29.22,29.22,29.22,33217
01/07/1998,13:52,29.22,29.22,29.2,29.2,6361
01/07/1998,13:53,29.22,29.22,29.17,29.18,33217
01/07/1998,13:54,29.17,29.17,29.13,29.15,33571
01/07/1998,13:55,29.13,29.13,29.11,29.13,8834
01/07/1998,13:56,29.13,29.15,29.13,29.15,29330
01/07/1998,13:57,29.15,29.15,29.13,29.15,7774
01/07/1998,13:58,29.15,29.15,29.13,29.13,83750
01/07/1998,13:59,29.13,29.13,29.13,29.13,12015
01/07/1998,14:00,29.15,29.15,29.13,29.13,10601
01/07/1998,14:01,29.13,29.13,29.13,29.13,10248
01/07/1998,14:02,29.11,29.15,29.11,29.11,57600
01/07/1998,14:03,29.11,29.11,29.09,29.11,18022
01/07/1998,14:04,29.09,29.11,29.09,29.09,8481
01/07/1998,14:05,29.11,29.15,29.11,29.15,58661
01/07/1998,14:06,29.11,29.15,29.11,29.15,15902
01/07/1998,14:07,29.15,29.2,29.15,29.2,63254
01/07/1998,14:08,29.15,29.2,29.15,29.2,8834
01/07/1998,14:09,29.2,29.2,29.18,29.18,11308
01/07/1998,14:10,29.2,29.2,29.18,29.2,15902
01/07/1998,14:11,29.2,29.2,29.2,29.2,25443
01/07/1998,14:12,29.2,29.2,29.2,29.2,34278
01/07/1998,14:13,29.2,29.2,29.2,29.2,353
01/07/1998,14:14,29.2,29.2,29.18,29.18,20849
01/07/1998,14:15,29.18,29.2,29.17,29.18,13782
01/07/1998,14:16,29.18,29.18,29.18,29.18,46646
01/07/1998,14:17,29.17,29.18,29.17,29.18,16966
01/07/1998,14:18,29.18,29.18,29.18,29.18,1767
01/07/1998,14:19,29.18,29.18,29.18,29.18,353
01/07/1998,14:20,29.17,29.18,29.17,29.17,1767
01/07/1998,14:21,29.17,29.18,29.17,29.18,5654
01/07/1998,14:22,29.17,29.18,29.17,29.18,2827
01/07/1998,14:23,29.17,29.18,29.17,29.17,14135
01/07/1998,14:24,29.17,29.18,29.17,29.17,6361
01/07/1998,14:25,29.18,29.18,29.17,29.17,3534
01/07/1998,14:26,29.17,29.17,29.17,29.17,5301
01/07/1998,14:27,29.15,29.17,29.15,29.15,143118
01/07/1998,14:28,29.15,29.17,29.13,29.15,77743
01/07/1998,14:29,29.13,29.15,29.13,29.13,13782
01/07/1998,14:30,29.15,29.15,29.15,29.15,20496
01/07/1998,14:31,29.15,29.15,29.13,29.15,22969
01/07/1998,14:32,29.15,29.15,29.13,29.15,4947
01/07/1998,14:33,29.15,29.15,29.15,29.15,4594
01/07/1998,14:34,29.13,29.13,29.11,29.11,9895
01/07/1998,14:35,29.11,29.11,29.11,29.11,353
01/07/1998,14:36,29.11,29.11,29.11,29.11,3534
01/07/1998,14:37,29.13,29.13,29.11,29.11,12015
01/07/1998,14:38,29.13,29.13,29.11,29.11,81277
01/07/1998,14:39,29.13,29.15,29.13,29.15,57600
01/07/1998,14:40,29.13,29.15,29.13,29.13,5301
01/07/1998,14:41,29.13,29.13,29.13,29.13,8481
01/07/1998,14:42,29.15,29.15,29.15,29.15,26150
01/07/1998,14:43,29.15,29.18,29.15,29.15,43465
01/07/1998,14:44,29.22,29.22,29.17,29.2,40992
01/07/1998,14:45,29.2,29.22,29.18,29.22,28977
01/07/1998,14:46,29.22,29.22,29.18,29.22,97885
01/07/1998,14:47,29.22,29.22,29.22,29.22,7068
01/07/1998,14:48,29.2,29.22,29.18,29.18,97532
01/07/1998,14:49,29.2,29.2,29.2,29.2,7421
01/07/1998,14:50,29.2,29.22,29.2,29.2,19436
01/07/1998,14:51,29.2,29.22,29.2,29.22,1060
01/07/1998,14:52,29.22,29.22,29.2,29.2,39578
01/07/1998,14:53,29.2,29.22,29.2,29.22,38871
01/07/1998,14:54,29.22,29.22,29.2,29.22,9541
01/07/1998,14:55,29.22,29.22,29.22,29.22,220507
01/07/1998,14:56,29.24,29.24,29.2,29.2,14842
01/07/1998,14:57,29.22,29.24,29.2,29.22,4594
01/07/1998,14:58,29.2,29.2,29.2,29.2,1060
01/07/1998,14:59,29.22,29.24,29.22,29.22,81277
01/07/1998,15:00,29.24,29.25,29.24,29.25,40638
01/07/1998,15:01,29.25,29.29,29.25,29.29,50886
01/07/1998,15:02,29.29,29.36,29.29,29.36,93291
01/07/1998,15:03,29.36,29.36,29.29,29.31,79510
01/07/1998,15:04,29.32,29.32,29.32,29.32,18022
01/07/1998,15:05,29.29,29.32,29.27,29.32,112374
01/07/1998,15:06,29.32,29.34,29.31,29.31,19436
01/07/1998,15:07,29.31,29.36,29.29,29.32,34278
01/07/1998,15:08,29.31,29.31,29.25,29.27,19082
01/07/1998,15:09,29.27,29.27,29.24,29.24,3887
01/07/1998,15:10,29.24,29.32,29.24,29.32,29684
01/07/1998,15:11,29.32,29.32,29.27,29.29,5301
01/07/1998,15:12,29.29,29.31,29.29,29.31,29684
01/07/1998,15:13,29.29,29.31,29.27,29.31,35338
01/07/1998,15:14,29.31,29.32,29.29,29.32,5654
01/07/1998,15:15,29.36,29.36,29.29,29.34,41345
01/07/1998,15:16,29.34,29.36,29.34,29.34,32157
01/07/1998,15:17,29.34,29.34,29.34,29.34,4241
01/07/1998,15:18,29.34,29.34,29.34,29.34,707
01/07/1998,15:19,29.32,29.36,29.32,29.36,71029
01/07/1998,15:20,29.36,29.36,29.32,29.36,41698
01/07/1998,15:21,29.34,29.34,29.32,29.32,103186
01/07/1998,15:22,29.32,29.32,29.32,29.32,106720
01/07/1998,15:23,29.32,29.34,29.32,29.34,6361
01/07/1998,15:24,29.34,29.34,29.29,29.29,41345
01/07/1998,15:25,29.29,29.29,29.27,29.27,4594
01/07/1998,15:26,29.29,29.31,29.25,29.25,13428
01/07/1998,15:27,29.25,29.27,29.22,29.22,31804
01/07/1998,15:28,29.22,29.22,29.15,29.15,59721
01/07/1998,15:29,29.11,29.17,29.08,29.15,81630
01/07/1998,15:30,29.15,29.22,29.09,29.18,63975
01/07/1998,15:31,29.17,29.22,29.17,29.18,38165
01/07/1998,15:32,29.22,29.24,29.2,29.24,26150
01/07/1998,15:33,29.24,29.24,29.24,29.24,3534
01/07/1998,15:34,29.22,29.22,29.2,29.2,16609
01/07/1998,15:35,29.15,29.15,29.15,29.15,27563
01/07/1998,15:36,29.11,29.15,29.11,29.13,26150
01/07/1998,15:37,29.13,29.13,29.11,29.13,24736
01/07/1998,15:38,29.13,29.13,29.13,29.13,3180
01/07/1998,15:39,29.13,29.13,29.11,29.13,17315
01/07/1998,15:40,29.13,29.13,29.11,29.11,65021
01/07/1998,15:41,29.13,29.13,29.09,29.11,35691
01/07/1998,15:42,29.11,29.11,29.11,29.11,19082
01/07/1998,15:43,29.11,29.11,29.11,29.11,30390
01/07/1998,15:44,29.13,29.15,29.13,29.13,24736
01/07/1998,15:45,29.15,29.18,29.13,29.18,108487
01/07/1998,15:46,29.18,29.2,29.18,29.2,51240
01/07/1998,15:47,29.2,29.22,29.18,29.2,35691
01/07/1998,15:48,29.18,29.22,29.18,29.22,20849
01/07/1998,15:49,29.22,29.25,29.22,29.25,28277
01/07/1998,15:50,29.25,29.27,29.22,29.27,18376
01/07/1998,15:51,29.27,29.34,29.27,29.34,84104
01/07/1998,15:52,29.31,29.34,29.31,29.34,19789
01/07/1998,15:53,29.31,29.36,29.31,29.36,64315
01/07/1998,15:54,29.36,29.36,29.31,29.31,165027
01/07/1998,15:55,29.39,29.41,29.31,29.41,131810
01/07/1998,15:56,29.39,29.45,29.38,29.45,165380
01/07/1998,15:57,29.43,29.54,29.38,29.54,84104
01/07/1998,15:58,29.59,29.59,29.47,29.52,116614
01/07/1998,15:59,29.52,29.52,29.48,29.48,83750
01/07/1998,16:00,29.5,29.5,29.43,29.45,85517
01/07/1998,16:01,29.45,29.5,29.45,29.5,194004
01/07/1998,16:02,29.5,29.5,29.5,29.5,10601
01/07/1998,16:11,29.5,29.5,29.5,29.5,2474