02/26/2001,09:41,404.82,404.82,404.82,404.82,4377
02/26/2001,09:44,406.24,406.24,406.24,406.24,106
02/26/2001,09:46,407.89,407.89,407.89,407.89,106
02/26/2001,10:14,411.91,411.91,411.91,411.91,42
02/26/2001,10:18,414.28,414.28,414.28,414.28,6344
02/26/2001,10:35,414.28,414.28,414.28,414.28,106
02/26/2001,10:51,417.12,417.12,417.12,417.12,42
02/26/2001,11:01,414.85,414.85,414.85,414.85,63
02/26/2001,11:13,419.01,419.95,419.01,419.95,1269
02/26/2001,11:20,418.06,418.06,418.06,418.06,21
02/26/2001,11:27,420.19,420.19,420.19,420.19,21
02/26/2001,11:39,418.49,418.49,418.49,418.49,85
02/26/2001,11:45,417.92,417.92,417.92,417.92,63
02/26/2001,12:02,420.9,420.9,420.9,420.9,127
02/26/2001,12:07,420.9,420.9,420.9,420.9,127
02/26/2001,12:30,422.08,422.08,422.08,422.08,21
02/26/2001,13:14,421.61,421.61,421.61,421.61,211
02/26/2001,13:23,421.7,421.7,421.7,421.7,42
02/26/2001,13:44,421.37,421.37,421.37,421.37,42
02/26/2001,13:51,421.61,421.61,421.61,421.61,211
02/26/2001,14:02,423.5,423.5,423.5,423.5,42
02/26/2001,14:09,422.89,422.89,422.89,422.89,211
02/26/2001,14:16,425.63,425.63,425.63,425.63,63
02/26/2001,14:21,425.63,425.63,425.63,425.63,127
02/26/2001,14:22,425.63,425.63,425.63,425.63,42
02/26/2001,14:28,425.87,425.87,424.92,424.92,106
02/26/2001,14:36,422.08,422.08,422.08,422.08,21
02/26/2001,15:01,423.26,423.26,423.26,423.26,5286
02/26/2001,15:34,422.18,422.18,422.18,422.18,21
02/26/2001,15:50,423.97,423.97,423.97,423.97,21
02/27/2001,09:38,423.42,423.42,423.42,423.42,85
02/27/2001,09:40,426.03,426.03,426.03,426.03,63
02/27/2001,09:41,426.26,426.26,426.26,426.26,148
02/27/2001,09:43,426.97,426.97,426.97,426.97,42
02/27/2001,09:48,426.03,426.03,426.03,426.03,42
02/27/2001,09:51,426.26,426.26,426.26,426.26,42
02/27/2001,10:01,428.06,428.06,428.06,428.06,42
02/27/2001,10:02,428.16,428.16,428.16,428.16,613
02/27/2001,10:28,425.79,425.79,425.79,425.79,106
02/27/2001,10:35,425.84,425.84,425.84,425.84,63
02/27/2001,10:37,426.26,426.26,426.26,426.26,423
02/27/2001,10:40,425.79,425.79,425.79,425.79,423
02/27/2001,10:57,424.7,424.7,424.7,424.7,42
02/27/2001,11:02,426.97,426.97,426.97,426.97,42
02/27/2001,11:07,425.79,425.79,425.79,425.79,423
02/27/2001,11:09,425.79,425.79,425.79,425.79,845
02/27/2001,11:29,424.61,424.61,424.61,424.61,275
02/27/2001,11:45,424.13,424.13,424.13,424.13,42
02/27/2001,11:47,423.99,423.99,423.99,423.99,634
02/27/2001,11:55,426.03,426.03,426.03,426.03,42
02/27/2001,12:05,424.47,424.47,424.47,424.47,254
02/27/2001,13:19,425.79,425.79,425.79,425.79,21
02/27/2001,13:29,423.76,423.76,423.76,423.76,148
02/27/2001,13:44,423.66,423.66,423.66,423.66,21
02/27/2001,13:49,423.9,423.9,423.9,423.9,211
02/27/2001,13:58,423.76,423.76,423.76,423.76,42
02/27/2001,14:28,422.01,422.01,422.01,422.01,85
02/27/2001,14:39,420.35,420.35,420.35,420.35,634
02/27/2001,14:40,419.88,419.88,419.88,419.88,2114
02/27/2001,14:50,421.77,421.77,421.77,421.77,21
02/27/2001,14:55,421.3,421.3,421.3,421.3,63
02/27/2001,14:58,424.8,424.8,424.8,424.8,21
02/28/2001,09:41,419.9,420.14,419.9,420.14,571
02/28/2001,09:47,421.08,421.08,421.08,421.08,211
02/28/2001,09:54,418.1,418.1,418.1,418.1,106
02/28/2001,10:48,421.27,421.27,421.27,421.27,21
02/28/2001,10:49,421.08,421.08,421.08,421.08,211
02/28/2001,10:55,422.27,422.27,422.27,422.27,423
02/28/2001,11:29,419.9,419.9,419.9,419.9,21
02/28/2001,11:33,418.95,418.95,418.72,418.72,63
02/28/2001,11:54,414.22,414.22,413.99,413.99,42
02/28/2001,12:26,413.99,413.99,413.99,413.99,423
02/28/2001,12:48,411.38,411.38,411.38,411.38,21
02/28/2001,12:53,411.38,411.38,411.38,411.38,190
02/28/2001,13:09,411.62,411.62,411.62,411.62,21
02/28/2001,13:59,413.09,413.09,413.09,413.09,3170
02/28/2001,14:13,414.84,414.84,414.84,414.84,423
02/28/2001,14:19,412.9,412.9,412.9,412.9,106
02/28/2001,14:47,414.08,414.08,414.08,414.08,42
02/28/2001,15:18,414.36,414.36,414.36,414.36,21
02/28/2001,15:36,414.46,414.46,414.46,414.46,21
02/28/2001,15:49,413.75,413.75,413.75,413.75,21
02/28/2001,15:50,413.61,413.61,413.61,413.61,21
03/01/2001,09:45,418.02,418.02,418.02,418.02,21
03/01/2001,09:47,417.55,417.55,417.55,417.55,63
03/01/2001,09:55,415.28,415.28,415.28,415.28,211
03/01/2001,09:59,418.02,418.02,418.02,418.02,106
03/01/2001,10:19,418.35,418.35,418.35,418.35,42
03/01/2001,10:33,419.91,419.91,419.91,419.91,63
03/01/2001,10:43,421.1,421.1,421.1,421.1,85
03/01/2001,10:51,421.1,421.1,421.1,421.1,423
03/01/2001,10:56,422.04,422.04,422.04,422.04,21
03/01/2001,11:13,421.1,421.1,421.1,421.1,42
03/01/2001,11:30,419.91,419.91,419.91,419.91,211
03/01/2001,11:33,420.01,420.01,420.01,420.01,106
03/01/2001,11:38,421.1,421.1,421.1,421.1,423
03/01/2001,12:03,418.97,418.97,418.97,418.97,21
03/01/2001,12:04,418.97,418.97,418.97,418.97,21
03/01/2001,12:32,418.73,418.73,418.73,418.73,106
03/01/2001,12:50,418.35,418.35,418.35,418.35,42
03/01/2001,12:55,418.5,418.5,418.5,418.5,21
03/01/2001,13:03,420.77,420.77,420.77,420.77,21
03/01/2001,13:41,417.74,417.74,417.74,417.74,42
03/01/2001,13:43,417.69,417.69,417.69,417.69,21
03/01/2001,13:44,417.64,417.64,417.64,417.64,21
03/01/2001,14:20,416.13,416.13,416.13,416.13,106
03/01/2001,14:56,416.37,416.37,416.37,416.37,21
03/01/2001,15:18,415.61,415.61,415.61,415.61,42
03/01/2001,15:24,415.42,415.42,415.42,415.42,21
03/01/2001,15:25,415.51,415.51,415.51,415.51,63
03/01/2001,15:27,415.51,415.51,415.51,415.51,42
03/01/2001,15:34,414.71,414.71,414.71,414.71,42
03/01/2001,15:49,415.04,415.04,415.04,415.04,21
03/01/2001,15:56,413.86,413.86,413.86,413.86,63
03/01/2001,15:57,413.86,413.86,413.76,413.76,148
03/02/2001,09:44,420.98,420.98,420.98,420.98,3183
03/02/2001,09:46,421.93,421.93,421.93,421.93,3183
03/02/2001,09:47,421.93,421.93,421.93,421.93,63
03/02/2001,10:08,421.45,421.45,421.45,421.45,63
03/02/2001,10:34,426.67,426.67,426.67,426.67,63
03/02/2001,10:56,425.72,425.72,425.72,425.72,1265
03/02/2001,11:02,424.39,424.39,424.39,424.39,105
03/02/2001,11:45,427.85,427.85,427.85,427.85,105
03/02/2001,11:47,428.33,428.33,428.33,428.33,105
03/02/2001,12:16,428.09,428.09,428.09,428.09,211
03/02/2001,12:25,425.01,425.01,425.01,425.01,105
03/02/2001,12:43,424.39,424.39,424.39,424.39,105
03/02/2001,13:02,427.62,427.62,427.62,427.62,42
03/02/2001,13:15,426.19,426.19,426.19,426.19,105
03/02/2001,14:21,430.23,430.23,430.23,430.23,42
03/02/2001,14:55,429.28,429.28,429.28,429.28,42
03/02/2001,15:09,429.28,429.28,429.28,429.28,211
03/02/2001,15:16,431.17,431.17,431.17,431.17,21
03/02/2001,15:42,431.17,431.17,431.17,431.17,84
03/02/2001,15:55,431.51,431.51,431.51,431.51,84
03/05/2001,09:41,430.73,430.73,430.73,430.73,21
03/05/2001,09:51,434.33,434.33,434.33,434.33,634
03/05/2001,09:57,436.93,436.93,436.93,436.93,169
03/05/2001,10:35,439.3,439.3,439.3,439.3,2114
03/05/2001,10:39,439.11,439.11,439.11,439.11,169
03/05/2001,10:49,440.01,440.01,440.01,440.01,211
03/05/2001,11:06,441.29,441.29,441.29,441.29,63
03/05/2001,11:08,442.14,442.14,442.14,442.14,21
03/05/2001,11:09,441.19,441.19,441.19,441.19,42
03/05/2001,11:11,441.19,441.19,441.19,441.19,211
03/05/2001,11:12,441.19,441.19,441.19,441.19,380
03/05/2001,11:21,441.19,441.19,441.19,441.19,359
03/05/2001,11:58,440.95,440.95,440.95,440.95,63
03/05/2001,12:00,442.37,442.37,442.37,442.37,21
03/05/2001,12:35,439.06,439.06,439.06,439.06,634
03/05/2001,12:41,438.83,438.83,438.83,438.83,4227
03/05/2001,13:09,438.83,438.83,438.83,438.83,63
03/05/2001,13:15,440.48,440.48,440.48,440.48,21
03/05/2001,13:46,440.15,440.15,440.15,440.15,21
03/05/2001,14:03,437.64,437.64,437.64,437.64,21
03/05/2001,14:25,439.11,439.11,439.11,439.11,211
03/05/2001,14:44,441.19,441.19,441.19,441.19,21
03/05/2001,14:45,440.01,440.01,440.01,440.01,106
03/05/2001,14:47,440.01,440.01,440.01,440.01,106
03/05/2001,14:49,441.81,441.81,441.81,441.81,3847
03/05/2001,14:53,439.63,439.63,439.63,439.63,106
03/05/2001,14:56,440.01,440.01,440.01,440.01,63
03/05/2001,15:08,440.01,440.01,440.01,440.01,317
03/05/2001,15:11,441.38,441.38,441.38,441.38,21
03/05/2001,15:17,441.43,441.43,441.43,441.43,42
03/05/2001,15:33,439.77,439.77,439.77,439.77,106
03/05/2001,15:35,439.53,439.53,439.25,439.25,317
03/05/2001,15:52,439.35,439.35,439.35,439.35,106
03/05/2001,15:53,439.25,439.25,439.25,439.25,21
03/05/2001,15:56,439.35,439.35,439.35,439.35,21
03/06/2001,09:54,436.6,436.6,436.6,436.6,42
03/06/2001,09:57,437.64,437.64,437.64,437.64,211
03/06/2001,09:59,435.94,435.94,435.94,435.94,42
03/06/2001,10:05,436.46,436.46,436.46,436.46,106
03/06/2001,10:48,445.45,445.45,445.45,445.45,317
03/06/2001,10:59,444.74,444.74,444.74,444.74,106
03/06/2001,11:00,444.31,444.31,444.31,444.31,21
03/06/2001,11:33,446.63,446.63,446.63,446.63,317
03/06/2001,11:39,445.92,445.92,445.92,445.92,21
03/06/2001,11:59,444.74,444.74,444.74,444.74,317
03/06/2001,12:08,445.78,445.78,445.78,445.78,63
03/06/2001,12:10,445.78,445.78,445.78,445.78,85
03/06/2001,12:23,443.13,443.13,443.13,443.13,85
03/06/2001,12:52,444.74,444.74,444.74,444.74,211
03/06/2001,13:48,446.44,446.44,446.44,446.44,21
03/06/2001,13:57,446.4,446.4,446.4,446.4,127
03/06/2001,14:03,446.3,446.3,446.3,446.3,106
03/06/2001,14:18,446.4,446.4,446.4,446.4,21
03/06/2001,14:23,445.92,445.92,445.92,445.92,106
03/06/2001,14:36,445.97,445.97,445.97,445.97,21
03/06/2001,14:37,445.92,445.92,445.92,445.92,63
03/06/2001,15:16,447.11,447.11,447.11,447.11,42
03/06/2001,15:21,447.11,447.11,447.11,447.11,106
03/06/2001,15:34,446.4,446.4,446.4,446.4,63
03/06/2001,15:42,446.4,446.4,446.4,446.4,127
03/07/2001,09:39,450.89,450.89,450.89,450.89,3170
03/07/2001,09:41,451.27,451.27,451.27,451.27,106
03/07/2001,09:43,449.94,449.94,449.94,449.94,655
03/07/2001,09:46,450.65,450.65,450.65,450.65,3170
03/07/2001,09:57,449.47,449.47,449.47,449.47,740
03/07/2001,09:59,448.24,448.24,448.24,448.24,106
03/07/2001,10:01,449.47,449.47,449.47,449.47,63
03/07/2001,10:03,448.95,448.95,448.95,448.95,21
03/07/2001,10:04,449.47,449.47,449.47,449.47,317
03/07/2001,10:08,448.9,448.9,448.9,448.9,211
03/07/2001,10:15,450.13,450.13,450.13,450.13,63
03/07/2001,10:16,449.47,449.47,449.47,449.47,106
03/07/2001,10:24,450.18,450.18,450.18,450.18,254
03/07/2001,10:29,450.42,450.65,450.42,450.65,888
03/07/2001,10:38,450.65,450.65,450.65,450.65,42
03/07/2001,10:46,450.65,450.65,450.65,450.65,232
03/07/2001,10:49,451.84,451.84,451.84,451.84,106
03/07/2001,11:08,452.26,452.26,452.26,452.26,106
03/07/2001,11:09,452.26,452.26,452.26,452.26,106
03/07/2001,11:12,452.21,452.21,452.21,452.21,211
03/07/2001,11:13,452.5,452.5,452.5,452.5,211
03/07/2001,11:25,451.84,451.84,451.84,451.84,106
03/07/2001,11:26,451.41,451.41,451.41,451.41,63
03/07/2001,11:31,452.5,452.5,452.5,452.5,211
03/07/2001,11:35,453.97,453.97,453.97,453.97,21
03/07/2001,11:49,454.15,454.15,454.15,454.15,106
03/07/2001,11:58,452.92,452.92,452.92,452.92,63
03/07/2001,12:06,453.02,453.02,453.02,453.02,317
03/07/2001,12:08,453.02,453.02,453.02,453.02,211
03/07/2001,12:09,452.97,452.97,452.97,452.97,211
03/07/2001,12:10,453.02,453.02,453.02,453.02,211
03/07/2001,12:12,453.02,453.02,453.02,453.02,211
03/07/2001,12:13,454.2,454.2,454.2,454.2,42
03/07/2001,12:14,453.02,453.02,453.02,453.02,211
03/07/2001,12:15,453.02,453.02,453.02,453.02,21
03/07/2001,12:21,454.2,454.2,454.2,454.2,2705
03/07/2001,12:22,454.2,454.2,454.2,454.2,106
03/07/2001,12:40,454.39,454.39,454.39,454.39,42
03/07/2001,12:44,455.38,455.38,455.38,455.38,106
03/07/2001,12:54,455.01,455.01,455.01,455.01,106
03/07/2001,12:55,455.01,455.01,455.01,455.01,21
03/07/2001,12:57,454.82,454.82,454.82,454.82,21
03/07/2001,12:58,454.86,454.86,454.86,454.86,211
03/07/2001,13:00,454.86,454.86,454.86,454.86,21
03/07/2001,13:06,456.05,456.05,456.05,456.05,42
03/07/2001,13:20,455.86,455.86,455.86,455.86,21
03/07/2001,13:34,453.49,453.49,453.49,453.49,85
03/07/2001,13:37,455.05,455.05,455.05,455.05,42
03/07/2001,13:55,453.16,453.16,453.16,453.16,63
03/07/2001,13:56,453.16,453.16,453.16,453.16,127
03/07/2001,14:13,452.88,452.88,452.88,452.88,106
03/07/2001,14:19,453.97,453.97,453.97,453.97,127
03/07/2001,14:26,455.62,455.62,454.39,454.39,6446
03/07/2001,14:31,455.86,456.19,455.86,456.19,190
03/07/2001,14:32,456.09,456.09,456.09,456.09,127
03/07/2001,14:34,455.86,455.86,455.86,455.86,2114
03/07/2001,14:38,456.24,456.24,456.24,456.24,106
03/07/2001,14:39,456.47,456.47,456.47,456.47,85
03/07/2001,14:40,456.57,456.57,456.57,456.57,63
03/07/2001,14:43,456.57,456.57,456.57,456.57,634
03/07/2001,14:54,456.57,456.57,456.57,456.57,85
03/07/2001,14:58,456.8,456.8,456.8,456.8,2114
03/07/2001,15:00,457.04,457.04,457.04,457.04,2114
03/07/2001,15:02,458.03,458.03,458.03,458.03,63
03/07/2001,15:03,458.18,458.22,458.18,458.22,106
03/07/2001,15:04,457.99,457.99,457.99,457.99,85
03/07/2001,15:05,457.51,457.51,457.51,457.51,21
03/07/2001,15:06,457.75,457.75,457.75,457.75,211
03/07/2001,15:08,457.75,457.75,457.75,457.75,211
03/07/2001,15:14,457.89,457.89,457.89,457.89,211
03/07/2001,15:15,457.89,457.89,457.89,457.89,106
03/07/2001,15:16,458.93,458.93,458.93,458.93,85
03/07/2001,15:18,457.99,457.99,457.99,457.99,63
03/07/2001,15:20,459.64,459.64,458.46,458.46,169
03/07/2001,15:21,459.64,459.64,458.93,458.93,42
03/07/2001,15:22,458.7,458.7,458.7,458.7,63
03/07/2001,15:23,458.93,458.93,458.93,458.93,444
03/07/2001,15:24,458.93,458.93,458.93,458.93,42
03/07/2001,15:25,458.93,458.93,458.93,458.93,42
03/07/2001,15:28,459.64,459.64,459.64,459.64,254
03/07/2001,15:31,459.64,459.64,459.64,459.64,21
03/07/2001,15:33,460.12,460.12,460.12,460.12,21
03/07/2001,15:36,459.26,460.12,459.26,459.41,148
03/07/2001,15:39,459.41,459.41,459.41,459.41,106
03/07/2001,15:40,459.41,460.49,459.41,460.49,317
03/07/2001,15:41,459.69,460.87,459.69,460.87,42
03/07/2001,15:43,459.69,459.69,459.69,459.69,106
03/07/2001,15:44,459.69,459.69,459.69,459.69,21
03/07/2001,15:46,459.69,459.69,459.69,459.69,21
03/07/2001,15:47,459.69,459.69,459.69,459.69,21
03/07/2001,15:49,459.69,459.69,459.69,459.69,423
03/07/2001,15:50,459.69,459.69,459.69,459.69,148
03/07/2001,15:51,459.69,459.69,459.69,459.69,148
03/07/2001,15:53,459.78,459.78,459.78,459.78,106
03/07/2001,15:54,459.88,460.12,459.88,460.12,211
03/07/2001,15:55,460.92,461.3,460.12,460.12,465
03/07/2001,15:56,460.45,460.45,460.45,460.45,127
03/07/2001,15:59,460.64,460.64,460.64,460.64,106
03/08/2001,09:35,463.11,463.68,463.11,463.68,1036
03/08/2001,09:36,465.1,465.1,465.1,465.1,190
03/08/2001,09:37,465.1,465.1,464.63,464.63,63
03/08/2001,09:38,464.72,465.81,464.72,465.81,402
03/08/2001,09:39,464.67,465.1,464.63,464.72,317
03/08/2001,09:40,464.67,464.67,464.67,464.67,317
03/08/2001,09:41,464.67,464.67,464.67,464.67,63
03/08/2001,09:42,464.67,465.81,464.67,465.81,317
03/08/2001,09:43,464.67,465.76,464.67,465.76,402
03/08/2001,09:44,463.82,463.82,463.82,463.82,21
03/08/2001,09:45,462.5,462.5,462.5,462.5,42
03/08/2001,09:46,461.41,461.41,461.41,461.41,63
03/08/2001,09:47,460.65,460.65,460.65,460.65,21
03/08/2001,09:48,460.6,460.6,460.6,460.6,634
03/08/2001,09:49,461.69,461.69,459.8,459.8,85
03/08/2001,09:50,459.8,460.13,459.8,460.13,4290
03/08/2001,10:02,460.08,460.13,460.08,460.13,444
03/08/2001,10:04,459.42,459.42,459.42,459.42,106
03/08/2001,10:05,459.14,459.14,459.14,459.14,21
03/08/2001,10:07,458.24,458.85,456.82,456.82,296
03/08/2001,10:10,457.76,457.76,457.76,457.76,63
03/08/2001,10:12,457.48,457.48,457.48,457.48,42
03/08/2001,10:15,456.25,456.25,456.25,456.25,42
03/08/2001,10:17,456.01,456.01,456.01,456.01,42
03/08/2001,10:21,457.39,457.39,457.39,457.39,21
03/08/2001,10:23,455.12,455.12,455.12,455.12,211
03/08/2001,10:25,455.16,455.16,454.83,454.83,10589
03/08/2001,10:26,454.22,454.22,454.22,454.22,63
03/08/2001,10:31,453.93,453.93,453.93,453.93,42
03/08/2001,10:37,454.22,454.22,454.22,454.22,106
03/08/2001,10:40,455.3,455.3,455.3,455.3,106
03/08/2001,10:41,455.64,455.64,455.64,455.64,106
03/08/2001,10:42,455.97,455.97,455.97,455.97,106
03/08/2001,10:43,456.01,456.01,455.92,455.92,2219
03/08/2001,10:45,457.06,457.06,457.06,457.06,42
03/08/2001,10:47,457.29,457.29,457.29,457.29,85
03/08/2001,11:04,456.82,456.82,456.82,456.82,63
03/08/2001,11:08,456.68,456.68,456.68,456.68,42
03/08/2001,11:15,457.53,457.53,457.53,457.53,21
03/08/2001,11:16,457.53,457.53,457.53,457.53,106
03/08/2001,11:17,457.53,459.04,457.53,459.04,148
03/08/2001,11:18,457.53,459.42,457.53,459.42,169
03/08/2001,11:22,460.13,460.13,460.13,460.13,528
03/08/2001,11:25,461.27,461.27,461.27,461.27,21
03/08/2001,11:30,460.13,460.13,460.13,460.13,42
03/08/2001,11:31,459.18,459.18,458.95,458.95,127
03/08/2001,11:35,459.42,459.42,459.42,459.42,1057
03/08/2001,11:37,458.24,458.24,458.24,458.24,42
03/08/2001,11:42,458.95,458.95,458.95,458.95,148
03/08/2001,11:54,457.58,457.58,457.58,457.58,63
03/08/2001,11:56,457.58,457.58,457.58,457.58,21
03/08/2001,12:01,457.81,457.81,457.81,457.81,42
03/08/2001,12:03,458.1,458.1,458.1,458.1,42
03/08/2001,12:05,458,458,458,458,85
03/08/2001,12:06,457.67,457.67,457.67,457.67,63
03/08/2001,12:08,457.76,457.76,457.76,457.76,211
03/08/2001,12:34,459.42,459.42,459.42,459.42,211
03/08/2001,12:41,461.31,461.31,461.31,461.31,127
03/08/2001,12:42,460.37,460.37,460.37,460.37,21
03/08/2001,12:46,462.12,462.12,462.12,462.12,169
03/08/2001,12:52,463.77,463.77,463.77,463.77,21
03/08/2001,13:07,462.5,462.5,462.5,462.5,106
03/08/2001,13:09,462.02,462.02,462.02,462.02,21
03/08/2001,13:13,462.26,462.26,462.26,462.26,211
03/08/2001,13:14,462.26,462.26,462.26,462.26,211
03/08/2001,13:22,461.31,461.31,461.31,461.31,148
03/08/2001,13:24,460.23,460.23,460.23,460.23,21
03/08/2001,13:29,460.23,460.23,460.23,460.23,169
03/08/2001,13:31,460.04,461.98,460.04,461.98,106
03/08/2001,13:34,460.13,460.13,460.13,460.13,21
03/08/2001,13:36,460.37,460.37,460.37,460.37,1057
03/08/2001,13:38,461.55,461.55,461.55,461.55,21
03/08/2001,13:40,459.23,459.23,459.23,459.23,21
03/08/2001,13:46,460.08,460.08,460.08,460.08,21
03/08/2001,13:56,458.47,458.47,458.47,458.47,42
03/08/2001,14:09,459.52,459.52,459.52,459.52,21
03/08/2001,14:15,460.13,460.13,458.66,458.66,275
03/08/2001,14:16,459.52,459.52,459.52,459.52,42
03/08/2001,14:33,458.95,458.95,458.95,458.95,42
03/08/2001,14:36,458.95,458.95,458.95,458.95,106
03/08/2001,14:37,458.95,458.95,458.95,458.95,42
03/08/2001,14:39,459.89,459.89,459.89,459.89,85
03/08/2001,14:40,458.95,458.95,458.95,458.95,106
03/08/2001,14:41,460.13,460.13,460.13,460.13,423
03/08/2001,14:44,460.46,460.46,460.46,460.46,106
03/08/2001,14:45,460.23,460.23,460.23,460.23,106
03/08/2001,14:46,460.37,460.37,460.37,460.37,106
03/08/2001,14:48,460.37,460.37,460.13,460.13,317
03/08/2001,14:51,460.13,460.13,460.13,460.13,106
03/08/2001,14:52,460.13,460.13,460.13,460.13,106
03/08/2001,15:18,459.89,459.89,459.89,459.89,21
03/08/2001,15:24,461.55,461.55,461.55,461.55,21
03/08/2001,15:27,459.8,459.8,459.8,459.8,42
03/08/2001,15:34,460.04,460.04,460.04,460.04,21
03/08/2001,15:38,461.31,461.31,461.31,461.31,42
03/08/2001,15:41,460.6,460.6,460.6,460.6,127
03/08/2001,15:46,462.17,462.17,462.17,462.17,42
03/08/2001,15:51,462.21,462.21,462.21,462.21,63
03/08/2001,15:52,462.26,462.26,462.26,462.26,127
03/08/2001,15:57,462.5,462.5,462.5,462.5,106
03/08/2001,15:59,461.79,461.79,461.79,461.79,42
03/08/2001,16:00,461.79,461.79,461.79,461.79,63
03/09/2001,09:35,467.66,467.66,467.66,467.66,148
03/09/2001,09:37,466,466,466,466,42
03/09/2001,09:42,464.58,464.58,464.58,464.58,317
03/09/2001,09:43,464.58,465.76,464.58,465.76,106
03/09/2001,09:50,464.39,464.39,464.39,464.39,63
03/09/2001,09:51,463.68,463.68,463.68,463.68,233
03/09/2001,09:52,463.78,463.78,463.73,463.73,317
03/09/2001,09:54,463.73,463.73,463.73,463.73,6362
03/09/2001,09:58,463.64,463.64,463.07,463.07,698
03/09/2001,10:00,462.78,462.78,462.78,462.78,211
03/09/2001,10:02,462.17,462.17,462.17,462.17,63
03/09/2001,10:03,463.4,463.4,463.4,463.4,14796
03/09/2001,10:09,460.56,460.56,460.56,460.56,211
03/09/2001,10:23,459.85,459.85,459.85,459.85,42
03/09/2001,10:28,460.56,460.56,460.56,460.56,63
03/09/2001,10:44,458.9,458.9,458.9,458.9,2114
03/09/2001,10:46,460.09,460.09,460.09,460.09,21
03/09/2001,11:01,460.8,460.8,460.8,460.8,21
03/09/2001,11:08,458.9,458.9,458.34,458.34,528
03/09/2001,11:11,457.01,457.01,457.01,457.01,21
03/09/2001,11:24,455.12,455.12,455.12,455.12,211
03/09/2001,11:31,456.07,456.07,456.07,456.07,423
03/09/2001,11:32,456.07,456.07,456.07,456.07,1691
03/09/2001,11:33,456.92,456.92,456.92,456.92,106
03/09/2001,11:37,457.01,457.01,457.01,457.01,106
03/09/2001,11:39,457.72,457.72,457.72,457.72,127
03/09/2001,11:46,455.31,455.31,455.31,455.31,42
03/09/2001,11:48,455.17,455.17,455.17,455.17,21
03/09/2001,11:54,455.17,455.17,455.17,455.17,106
03/09/2001,12:07,455.17,455.17,455.17,455.17,21
03/09/2001,12:20,455.12,455.12,455.12,455.12,106
03/09/2001,12:22,454.17,454.17,454.17,454.17,63
03/09/2001,13:06,455.07,455.12,455.07,455.12,63
03/09/2001,13:28,455.12,455.12,455.12,455.12,42
03/09/2001,14:07,455.17,455.17,455.17,455.17,106
03/09/2001,14:49,456.02,456.02,455.17,455.17,127
03/09/2001,14:51,454.17,454.17,454.17,454.17,5179
03/09/2001,15:03,454.93,454.93,454.93,454.93,21
03/09/2001,15:07,454.98,454.98,454.98,454.98,21
03/09/2001,15:26,454.84,454.84,454.84,454.84,42
03/09/2001,15:28,454.74,454.74,454.74,454.74,21
03/09/2001,15:45,454.84,454.84,454.84,454.84,42
03/09/2001,15:53,455.12,455.12,455.12,455.12,42
03/09/2001,15:56,456.16,456.16,456.16,456.16,21
03/09/2001,16:00,454.79,454.79,454.79,454.79,21
03/12/2001,09:40,449.45,449.45,448.98,448.98,190
03/12/2001,09:42,449.45,449.45,449.45,449.45,317
03/12/2001,09:43,449.45,449.45,449.45,449.45,1881
03/12/2001,09:46,449.45,449.45,449.45,449.45,63
03/12/2001,09:48,447.89,447.89,447.89,447.89,21
03/12/2001,09:50,449.45,449.45,449.45,449.45,2114
03/12/2001,09:52,450.07,451.53,450.07,451.53,1289
03/12/2001,09:56,448.74,448.74,448.74,448.74,42
03/12/2001,10:02,451.06,451.06,451.06,451.06,42
03/12/2001,10:03,453.09,453.09,451.58,451.58,465
03/12/2001,10:04,450.4,450.4,450.4,450.4,21
03/12/2001,10:07,449.78,449.78,449.78,449.78,42
03/12/2001,10:26,449.88,449.88,449.88,449.88,42
03/12/2001,10:29,448.98,448.98,448.98,448.98,21
03/12/2001,10:37,448.84,448.84,448.84,448.84,42
03/12/2001,10:38,448.98,448.98,448.98,448.98,21
03/12/2001,10:39,448.74,448.74,448.74,448.74,63
03/12/2001,10:40,448.74,448.74,448.74,448.74,42
03/12/2001,10:51,450.4,450.4,450.4,450.4,63
03/12/2001,10:53,449.02,449.02,449.02,449.02,2114
03/12/2001,10:56,447.6,447.6,447.6,447.6,634
03/12/2001,10:59,445.1,445.1,445.1,445.1,148
03/12/2001,11:08,444.72,444.72,444.72,444.72,359
03/12/2001,11:09,444.72,444.72,444.72,444.72,254
03/12/2001,11:10,444.72,444.72,444.72,444.72,106
03/12/2001,11:14,446.14,446.14,446.14,446.14,63
03/12/2001,11:22,444.72,444.72,444.72,444.72,211
03/12/2001,12:00,444.34,444.34,444.34,444.34,21
03/12/2001,12:20,443.91,443.91,443.87,443.87,190
03/12/2001,12:34,445.38,445.38,445.38,445.38,63
03/12/2001,13:24,444.86,444.86,444.86,444.86,63
03/12/2001,13:47,446.52,446.52,446.52,446.52,8455
03/12/2001,15:01,446.56,446.56,446.56,446.56,21
03/12/2001,15:24,445.9,445.9,445.9,445.9,211
03/12/2001,15:36,444.58,444.58,444.58,444.58,42
03/12/2001,15:53,441.45,441.45,441.45,441.45,21
03/12/2001,15:57,442.54,442.54,442.54,442.54,148
03/12/2001,15:58,444.01,444.01,444.01,444.01,63
03/12/2001,15:59,442.54,442.54,442.54,442.54,21
03/12/2001,16:01,442.35,442.35,442.35,442.35,380
03/13/2001,09:41,438.19,438.19,438.19,438.19,463
03/13/2001,09:43,438.24,438.24,438.19,438.19,5365
03/13/2001,09:44,439.05,439.05,439.05,439.05,210
03/13/2001,09:45,438.67,438.67,438.67,438.67,631
03/13/2001,09:46,438.67,438.67,437.24,437.24,2104
03/13/2001,09:47,436.67,436.67,436.29,436.29,337
03/13/2001,09:48,436.01,436.01,436.01,436.01,105
03/13/2001,09:51,436.53,436.53,436.53,436.53,84
03/13/2001,09:55,435.53,435.53,435.53,435.53,5260
03/13/2001,09:58,433.87,433.87,433.87,433.87,421
03/13/2001,10:13,432.01,432.01,432.01,432.01,7364
03/13/2001,10:14,433.44,433.44,433.44,433.44,5260
03/13/2001,10:20,433.44,433.44,433.44,433.44,421
03/13/2001,10:22,431.3,431.3,431.3,431.3,4208
03/13/2001,10:23,431.3,431.3,431.3,431.3,21
03/13/2001,10:24,431.3,431.3,431.3,431.3,21
03/13/2001,10:25,432.39,432.39,432.39,432.39,2315
03/13/2001,10:27,429.83,429.83,429.83,429.83,63
03/13/2001,10:28,431.3,431.3,431.3,431.3,126
03/13/2001,10:29,431.3,431.3,431.3,431.3,631
03/13/2001,10:30,430.82,430.82,430.82,430.82,1473
03/13/2001,10:38,430.11,430.11,430.11,430.11,3367
03/13/2001,10:49,431.54,431.54,431.54,431.54,2104
03/13/2001,10:50,432.49,432.49,432.49,432.49,63
03/13/2001,10:53,433.68,433.68,433.68,433.68,42
03/13/2001,10:57,433.91,433.91,433.91,433.91,105
03/13/2001,10:58,432.73,432.73,432.73,432.73,1052
03/13/2001,11:01,432.73,432.73,432.73,432.73,1052
03/13/2001,11:10,432.96,432.96,431.06,431.06,147
03/13/2001,11:15,431.06,431.06,431.06,431.06,42
03/13/2001,11:18,429.16,429.16,429.16,429.16,84
03/13/2001,11:20,430.11,430.11,430.11,430.11,2104
03/13/2001,11:21,430.11,430.11,430.11,430.11,21
03/13/2001,11:22,430.35,430.35,430.35,430.35,1052
03/13/2001,11:26,431.78,431.78,431.78,431.78,84
03/13/2001,11:56,430.35,430.35,430.11,430.11,2209
03/13/2001,12:07,430.11,430.11,430.11,430.11,1683
03/13/2001,12:23,428.12,428.12,428.12,428.12,842
03/13/2001,12:42,430.11,430.11,430.11,430.11,2104
03/13/2001,12:57,427.74,427.74,427.74,427.74,105
03/13/2001,12:58,426.79,426.79,426.79,426.79,63
03/13/2001,13:00,427.74,427.74,427.74,427.74,631
03/13/2001,13:09,427.74,427.74,427.74,427.74,1052
03/13/2001,13:10,427.02,427.02,427.02,427.02,1052
03/13/2001,13:19,427.74,429.16,427.74,429.16,736
03/13/2001,13:46,429.16,429.16,429.16,429.16,105
03/13/2001,13:51,429.16,429.16,429.16,429.16,526
03/13/2001,14:00,430.35,430.35,430.35,430.35,63
03/13/2001,15:09,429.26,429.26,429.26,429.26,84
03/13/2001,15:17,430.59,430.59,430.59,430.59,84
03/13/2001,15:19,432.49,432.49,432.49,432.49,126
03/13/2001,15:24,431.54,431.54,431.54,431.54,84
03/13/2001,15:52,431.54,431.54,431.54,431.54,63
03/14/2001,09:55,425.08,425.08,425.08,425.08,106
03/14/2001,09:57,427.07,427.07,427.07,427.07,106
03/14/2001,10:03,426.88,426.88,426.88,426.88,106
03/14/2001,10:04,427.35,427.35,427.35,427.35,63
03/14/2001,10:08,430.57,430.57,430.57,430.57,6340
03/14/2001,10:09,431.99,431.99,431.99,431.99,4227
03/14/2001,10:12,432.7,432.7,432.7,432.7,169
03/14/2001,10:18,432.22,432.22,430.57,430.57,232
03/14/2001,10:20,431.99,431.99,431.99,431.99,42
03/14/2001,10:24,430.57,430.57,430.57,430.57,211
03/14/2001,10:27,432.46,432.46,432.46,432.46,42
03/14/2001,10:33,430.99,430.99,430.99,430.99,21
03/14/2001,10:49,435.11,435.11,435.11,435.11,21
03/14/2001,10:50,435.35,435.35,435.35,435.35,127
03/14/2001,10:56,437.05,437.05,437.05,437.05,106
03/14/2001,10:59,434.16,434.16,434.16,434.16,423
03/14/2001,11:04,435.25,435.25,435.25,435.25,211
03/14/2001,11:27,432.75,432.75,432.75,432.75,106
03/14/2001,11:59,429.39,429.39,429.39,429.39,106
03/14/2001,12:11,424.32,424.32,424.32,424.32,3212
03/14/2001,12:25,419.21,419.21,419.21,419.21,21
03/14/2001,12:33,419.26,419.26,419.26,419.26,211
03/14/2001,12:35,417.56,417.56,417.56,417.56,42
03/14/2001,12:36,419.21,419.21,419.21,419.21,42
03/14/2001,12:44,419.5,419.5,419.5,419.5,106
03/14/2001,13:21,418.22,418.22,418.22,418.22,106
03/14/2001,13:31,417.7,417.7,417.7,417.7,1057
03/14/2001,13:32,417.46,417.46,417.46,417.46,1226
03/14/2001,13:33,417.46,417.46,417.46,417.46,21
03/14/2001,13:40,419.83,419.83,419.83,419.83,21
03/14/2001,14:06,419.97,419.97,419.97,419.97,42
03/14/2001,14:08,419.92,419.92,419.92,419.92,1057
03/14/2001,14:09,419.92,419.92,419.92,419.92,676
03/14/2001,14:32,420.77,420.77,420.77,420.77,1057
03/14/2001,14:51,421.58,421.58,421.58,421.58,423
03/14/2001,14:56,424.51,424.51,422.34,422.34,169
03/14/2001,14:59,419.88,419.88,419.88,419.88,423
03/14/2001,15:01,419.64,419.64,419.64,419.64,21
03/14/2001,15:02,419.59,419.59,419.59,419.59,21
03/14/2001,15:08,420.35,420.35,420.35,420.35,423
03/14/2001,15:10,420.54,420.54,420.54,420.54,423
03/14/2001,15:17,419.45,419.45,419.45,419.45,211
03/14/2001,15:18,419.31,419.31,419.31,419.31,845
03/14/2001,15:20,421.91,421.91,421.91,421.91,3170
03/14/2001,15:25,419.88,419.88,419.78,419.78,211
03/14/2001,15:33,419.12,419.12,419.12,419.12,296
03/14/2001,15:35,421.11,421.11,421.11,421.11,42
03/14/2001,15:36,422.05,422.05,422.05,422.05,21
03/14/2001,15:40,419.17,419.17,419.17,419.17,21
03/14/2001,15:48,419.45,419.45,419.45,419.45,317
03/14/2001,15:53,420.44,420.44,420.44,420.44,42
03/14/2001,15:59,422.67,422.67,422.67,422.67,21
03/15/2001,09:33,423.45,423.45,423.45,423.45,528
03/15/2001,09:34,423.45,423.45,423.45,423.45,21
03/15/2001,09:35,423.45,423.45,423.45,423.45,63
03/15/2001,09:45,420.37,420.37,420.37,420.37,106
03/15/2001,09:47,419.43,419.43,419.43,419.43,63
03/15/2001,09:50,419.9,419.9,419.9,419.9,1057
03/15/2001,09:52,418.24,418.24,418.24,418.24,63
03/15/2001,10:00,414.46,414.46,414.46,414.46,423
03/15/2001,10:06,416.35,418.05,416.35,418.05,317
03/15/2001,10:08,417.87,417.87,417.87,417.87,3170
03/15/2001,10:10,416.35,416.35,416.35,416.35,85
03/15/2001,10:28,415.41,415.41,415.41,415.41,85
03/15/2001,10:32,414.93,414.93,414.93,414.93,2114
03/15/2001,10:51,414.46,414.46,414.46,414.46,2114
03/15/2001,10:57,412.57,412.57,412.57,412.57,42
03/15/2001,11:06,412.66,412.66,412.66,412.66,8454
03/15/2001,11:17,412.09,412.09,412.09,412.09,2114
03/15/2001,11:22,411.62,411.62,411.62,411.62,465
03/15/2001,11:23,411.62,411.62,411.62,411.62,1860
03/15/2001,12:25,411.15,411.15,411.15,411.15,2114
03/15/2001,12:26,410.67,410.67,410.67,410.67,2114
03/15/2001,12:39,414.74,414.74,414.74,414.74,254
03/15/2001,12:40,413.99,413.99,413.99,413.99,2114
03/15/2001,12:45,414.93,414.93,414.93,414.93,423
03/15/2001,13:18,412.24,412.24,412.24,412.24,21
03/15/2001,13:43,416.16,416.16,416.16,416.16,21
03/15/2001,14:07,415.93,415.93,415.93,415.93,63
03/15/2001,14:08,415.93,415.93,415.93,415.93,42
03/15/2001,14:13,416.35,416.35,416.35,416.35,211
03/15/2001,14:17,416.35,416.35,416.35,416.35,106
03/15/2001,14:38,413.51,413.51,413.51,413.51,42
03/15/2001,14:48,411.15,411.15,411.15,411.15,85
03/15/2001,14:49,411.38,411.38,411.38,411.38,63
03/15/2001,14:58,411.62,411.62,411.62,411.62,21
03/15/2001,15:09,409.73,409.96,409.73,409.96,2219
03/15/2001,15:12,407.84,407.84,407.84,407.84,42
03/15/2001,15:29,407.5,407.5,407.5,407.5,42
03/15/2001,15:31,406.89,406.89,406.89,406.89,21
03/15/2001,15:48,406.94,406.94,406.94,406.94,21
03/15/2001,15:54,407.36,407.36,407.36,407.36,317
03/15/2001,15:56,407.03,407.03,407.03,407.03,85
03/15/2001,15:58,407.65,407.65,407.65,407.65,42
03/16/2001,09:37,409.26,409.26,409.26,409.26,1099
03/16/2001,09:40,409.49,409.49,409.49,409.49,1057
03/16/2001,09:43,411.15,411.15,411.15,411.15,42272
03/16/2001,09:45,413.51,413.51,412.57,412.57,10716
03/16/2001,09:47,414.22,414.22,414.22,414.22,10568
03/16/2001,09:50,416.35,416.35,416.35,416.35,10568
03/16/2001,09:53,416.35,416.35,414.98,414.98,4396
03/16/2001,09:54,415.83,415.83,415.83,415.83,63
03/16/2001,10:01,414.7,414.7,414.7,414.7,1057
03/16/2001,10:12,413.51,413.51,413.51,413.51,63
03/16/2001,10:18,412.33,412.33,412.33,412.33,2114
03/16/2001,10:22,412.09,412.57,412.09,412.57,4227
03/16/2001,10:25,412.19,412.19,411.62,411.62,1120
03/16/2001,10:29,410.2,410.2,410.2,410.2,1057
03/16/2001,10:36,410.34,410.34,410.34,410.34,3170
03/16/2001,10:39,411.62,411.62,411.62,411.62,2114
03/16/2001,10:42,408.78,408.78,408.78,408.78,10568
03/16/2001,10:43,407.84,407.84,407.84,407.84,21
03/16/2001,10:46,405.85,405.85,405.85,405.85,1057
03/16/2001,10:49,405,405,405,405,1057
03/16/2001,10:51,402.87,402.87,402.87,402.87,85
03/16/2001,10:52,403.1,403.1,403.1,403.1,1057
03/16/2001,10:53,402.16,402.16,402.16,402.16,42
03/16/2001,10:55,402.16,402.16,402.16,402.16,21
03/16/2001,11:00,403.34,403.34,403.34,403.34,106
03/16/2001,11:02,404.05,404.52,403.34,403.34,6256
03/16/2001,11:10,405.47,405.47,405.47,405.47,4227
03/16/2001,11:18,406.42,406.42,406.42,406.42,2114
03/16/2001,11:23,405.71,405.71,405.71,405.71,1057
03/16/2001,11:27,404.62,404.62,404.62,404.62,1057
03/16/2001,11:41,405.28,405.28,405.28,405.28,1057
03/16/2001,11:50,402.63,402.63,402.63,402.63,21
03/16/2001,11:55,405.14,405.14,405.14,405.14,21
03/16/2001,12:00,405.47,405.47,405.47,405.47,42
03/16/2001,12:11,405.94,405.94,405.94,405.94,1057
03/16/2001,12:20,408.78,409.26,408.78,409.26,2135
03/16/2001,12:23,408.31,408.31,408.31,408.31,2114
03/16/2001,14:14,408.45,408.45,408.45,408.45,106
03/16/2001,14:37,405.38,405.38,405.38,405.38,106
03/16/2001,14:50,405.38,405.38,405.38,405.38,42
03/16/2001,14:51,405.33,405.33,405.33,405.33,2114
03/16/2001,14:54,403.44,403.44,403.44,403.44,254
03/16/2001,14:56,403.44,403.44,403.44,403.44,254
03/16/2001,14:57,403.44,403.44,403.44,403.44,486
03/16/2001,15:10,403.67,403.67,403.67,403.67,190
03/16/2001,15:12,403.44,403.44,403.44,403.44,42
03/16/2001,15:14,403.44,403.44,403.44,403.44,169
03/16/2001,15:20,403.44,403.44,403.44,403.44,190
03/16/2001,15:27,403.44,403.44,403.44,403.44,148
03/16/2001,15:29,403.34,403.34,403.34,403.34,106
03/16/2001,15:30,401.69,401.69,401.69,401.69,317
03/16/2001,15:33,401.69,401.69,401.69,401.69,486
03/16/2001,15:35,403.58,403.58,403.58,403.58,106
03/16/2001,15:49,402.11,402.11,402.11,402.11,423
03/16/2001,15:59,401.73,401.73,401.73,401.73,106
03/19/2001,09:36,405.45,405.45,405.45,405.45,655
03/19/2001,09:41,408.05,408.52,408.05,408.52,1691
03/19/2001,09:45,406.72,406.87,406.72,406.87,148
03/19/2001,09:46,408.05,408.05,408.05,408.05,2114
03/19/2001,09:47,407.58,407.58,407.58,407.58,1057
03/19/2001,09:49,405.54,405.54,405.54,405.54,211
03/19/2001,09:52,406.87,406.87,406.87,406.87,211
03/19/2001,09:53,407.15,407.15,407.15,407.15,1057
03/19/2001,09:55,408.29,408.29,408.29,408.29,106
03/19/2001,10:00,408.76,408.76,408.76,408.76,2114
03/19/2001,10:04,409.7,409.7,409.7,409.7,1057
03/19/2001,10:09,410.18,410.18,410.18,410.18,3171
03/19/2001,10:26,410.18,410.18,410.18,410.18,106
03/19/2001,10:28,410.18,410.18,410.18,410.18,106
03/19/2001,10:31,408.62,409.94,408.62,409.94,211
03/19/2001,10:34,410.18,410.18,410.18,410.18,106
03/19/2001,11:00,413.02,413.02,413.02,413.02,2325
03/19/2001,11:04,414.29,414.29,414.29,414.29,5284
03/19/2001,11:06,414.67,414.67,414.67,414.67,5284
03/19/2001,11:15,414.67,414.67,414.67,414.67,106
03/19/2001,11:19,416.33,416.33,416.33,416.33,106
03/19/2001,11:27,419.31,419.31,419.31,419.31,21
03/19/2001,11:30,418.46,418.46,418.46,418.46,21
03/19/2001,11:32,418.65,418.65,418.65,418.65,21
03/19/2001,11:35,417.51,417.51,417.51,417.51,85
03/19/2001,11:52,416.8,416.8,416.8,416.8,148
03/19/2001,11:54,415.71,415.71,415.71,415.71,21
03/19/2001,11:55,415.95,415.95,415.95,415.95,169
03/19/2001,11:58,415.86,415.86,415.86,415.86,634
03/19/2001,12:03,414.67,414.67,414.67,414.67,423
03/19/2001,12:05,414.67,414.67,414.67,414.67,5284
03/19/2001,12:10,412.54,412.54,412.54,412.54,5284
03/19/2001,12:25,413.96,413.96,413.96,413.96,528
03/19/2001,12:34,414.67,414.67,414.67,414.67,528
03/19/2001,12:49,417.04,417.04,417.04,417.04,63
03/19/2001,12:52,417.04,417.04,417.04,417.04,21
03/19/2001,13:23,416.56,416.56,416.56,416.56,21
03/19/2001,13:28,414.72,414.72,414.72,414.72,106
03/19/2001,13:38,415.62,415.62,415.62,415.62,106
03/19/2001,13:40,416.94,416.94,416.94,416.94,21
03/19/2001,13:49,417.04,417.04,417.04,417.04,21
03/19/2001,13:52,416.33,416.33,416.33,416.33,845
03/19/2001,13:59,416.42,416.42,416.42,416.42,2114
03/19/2001,14:00,416.42,416.42,416.42,416.42,21
03/19/2001,14:09,417.27,417.27,417.27,417.27,106
03/19/2001,14:14,415.62,415.62,415.62,415.62,423
03/19/2001,14:17,415.38,415.38,415.38,415.38,42
03/19/2001,14:30,416.8,416.8,416.8,416.8,2114
03/19/2001,14:34,417.04,417.04,417.04,417.04,423
03/19/2001,14:39,416.8,416.8,416.8,416.8,21
03/19/2001,14:40,416.33,416.33,416.33,416.33,21
03/19/2001,14:45,416.8,416.8,416.8,416.8,634
03/19/2001,14:49,416.33,416.33,416.33,416.33,845
03/19/2001,14:53,416.8,416.8,416.8,416.8,1691
03/19/2001,15:27,415.33,415.33,415.33,415.33,21
03/19/2001,15:38,415.38,415.38,415.38,415.38,338
03/19/2001,15:49,416.33,416.33,416.33,416.33,3171
03/19/2001,15:50,415.86,415.86,415.86,415.86,63
03/19/2001,16:00,414.96,414.96,414.96,414.96,85
03/20/2001,09:40,421.08,421.08,421.08,421.08,211
03/20/2001,09:47,421.5,421.5,421.5,421.5,42
03/20/2001,09:48,421.08,421.08,421.08,421.08,169
03/20/2001,09:49,419.89,419.89,419.89,419.89,1162
03/20/2001,09:57,423.92,423.92,423.92,423.92,63
03/20/2001,10:01,423.92,423.92,423.92,423.92,1057
03/20/2001,10:02,423.92,423.92,423.92,423.92,21
03/20/2001,10:03,423.92,423.92,423.92,423.92,21
03/20/2001,10:08,423.92,423.92,423.92,423.92,3170
03/20/2001,10:19,423.92,423.92,423.92,423.92,211
03/20/2001,10:21,423.44,423.44,423.44,423.44,42
03/20/2001,10:32,422.17,422.17,422.17,422.17,21
03/20/2001,10:52,424.39,424.39,424.39,424.39,42
03/20/2001,10:58,425.33,425.33,425.33,425.33,21
03/20/2001,10:59,425.81,425.81,425.81,425.81,1057
03/20/2001,11:15,424.91,424.91,424.91,424.91,10568
03/20/2001,11:18,424.58,424.58,424.58,424.58,21
03/20/2001,11:23,426.9,426.9,426.9,426.9,42
03/20/2001,11:26,427.23,427.23,427.23,427.23,1162
03/20/2001,11:27,428.17,428.17,428.17,428.17,42
03/20/2001,11:46,428.65,428.65,428.41,428.41,42
03/20/2001,11:54,430.4,430.4,430.4,430.4,190
03/20/2001,11:56,430.3,430.3,430.3,430.3,21
03/20/2001,12:31,429.26,429.26,429.26,429.26,63
03/20/2001,12:37,427.61,427.61,427.61,427.61,21
03/20/2001,12:44,428.65,428.65,428.65,428.65,21
03/20/2001,13:11,425.81,425.81,424.39,424.39,63
03/20/2001,13:23,427.42,427.42,427.42,427.42,85
03/20/2001,13:26,427.56,427.56,427.56,427.56,21
03/20/2001,13:27,427.23,427.23,427.23,427.23,42
03/20/2001,13:28,427.23,427.23,427.23,427.23,21
03/20/2001,13:41,426.8,426.8,426.8,426.8,211
03/20/2001,13:46,424.77,424.77,424.77,424.77,21
03/20/2001,14:03,423.54,423.54,423.54,423.54,42
03/20/2001,14:14,424.06,424.06,424.06,424.06,127
03/20/2001,14:16,422.64,422.64,422.64,422.64,106
03/20/2001,14:41,423.92,423.92,423.92,423.92,8159
03/20/2001,14:45,421.31,421.31,421.31,421.31,106
03/20/2001,15:05,421.79,421.79,421.79,421.79,10568
03/20/2001,15:38,421.88,421.88,421.88,421.88,42
03/20/2001,15:42,421.69,421.69,421.69,421.69,21
03/20/2001,15:49,419.37,419.37,419.37,419.37,42
03/20/2001,15:52,419.09,419.09,419.09,419.09,85
03/20/2001,15:53,419.09,419.09,419.09,419.09,10568
03/21/2001,09:44,418.72,418.72,418.72,418.72,1162
03/21/2001,09:46,418.72,418.72,418.72,418.72,42
03/21/2001,09:47,415.31,415.31,415.31,415.31,42
03/21/2001,09:50,413.99,413.99,413.99,413.99,148
03/21/2001,09:56,411.62,411.62,411.62,411.62,21
03/21/2001,09:57,411.62,411.62,411.62,411.62,21
03/21/2001,10:04,407.6,407.6,407.6,407.6,211
03/21/2001,10:30,410.48,410.48,410.48,410.48,106
03/21/2001,10:37,412.05,412.05,412.05,412.05,42
03/21/2001,10:53,409.87,409.87,409.87,409.87,423
03/21/2001,11:17,409.3,409.3,409.3,409.3,21
03/21/2001,11:25,411.1,411.1,411.1,411.1,21
03/21/2001,11:31,410.3,410.3,410.3,410.3,4227
03/21/2001,11:45,414.65,414.65,414.65,414.65,21
03/21/2001,11:46,414.65,414.65,414.65,414.65,42
03/21/2001,12:07,411.81,411.81,411.81,411.81,106
03/21/2001,12:53,411.62,411.62,411.62,411.62,1268
03/21/2001,13:20,409.25,409.25,409.25,409.25,106
03/21/2001,13:57,408.31,408.31,408.31,408.31,21
03/21/2001,14:15,409.25,409.25,409.25,409.25,21
03/22/2001,09:43,399.79,399.79,399.79,399.79,380
03/22/2001,09:44,399.79,399.79,399.79,399.79,232
03/22/2001,09:53,399.32,399.32,399.32,399.32,42
03/22/2001,09:57,397.9,397.9,397.9,397.9,63
03/22/2001,10:03,396.43,396.43,396.43,396.43,21
03/22/2001,10:04,396.2,396.2,396.2,396.2,85
03/22/2001,10:16,393.69,393.69,393.69,393.69,42
03/22/2001,10:18,393.55,393.55,393.55,393.55,2114
03/22/2001,10:19,393.64,393.64,393.64,393.64,21
03/22/2001,10:22,392.74,392.74,392.74,392.74,634
03/22/2001,10:23,391.28,391.28,391.28,391.28,106
03/22/2001,10:28,389.62,389.62,389.62,389.62,106
03/22/2001,10:29,389.34,389.34,389.34,389.34,42
03/22/2001,10:31,388.77,388.77,388.77,388.77,21
03/22/2001,10:33,387.77,388.2,387.77,388.2,232
03/22/2001,10:40,386.59,386.59,386.59,386.59,42
03/22/2001,10:42,385.46,385.46,385.46,385.46,106
03/22/2001,10:47,384.6,384.6,384.6,384.6,317
03/22/2001,10:49,386.31,386.31,386.31,386.31,8454
03/22/2001,10:50,384.65,384.65,384.65,384.65,21
03/22/2001,10:58,388.91,388.91,388.91,388.91,106
03/22/2001,11:03,387.96,387.96,387.96,387.96,148
03/22/2001,11:07,387.96,387.96,387.96,387.96,211
03/22/2001,11:08,388.3,388.3,388.3,388.3,232
03/22/2001,11:10,388.67,388.67,388.67,388.67,21
03/22/2001,11:17,388.72,388.72,388.72,388.72,211
03/22/2001,11:19,388.2,388.2,388.2,388.2,21
03/22/2001,11:22,388.06,388.06,388.06,388.06,21
03/22/2001,11:26,390.33,390.33,390.33,390.33,21
03/22/2001,11:27,391.04,391.04,391.04,391.04,21
03/22/2001,11:30,390.85,390.85,390.85,390.85,21
03/22/2001,11:31,392.93,392.93,392.93,392.93,21
03/22/2001,11:42,390.57,390.57,390.57,390.57,211
03/22/2001,11:45,391.09,391.09,391.09,391.09,42
03/22/2001,11:46,391.28,391.28,391.28,391.28,21
03/22/2001,11:48,393.74,393.74,393.74,393.74,63
03/22/2001,12:08,396.53,396.53,396.53,396.53,21
03/22/2001,12:12,396.76,396.76,396.76,396.76,211
03/22/2001,12:13,396.24,396.24,396.24,396.24,63
03/22/2001,12:52,392.7,392.7,392.7,392.7,42
03/22/2001,13:09,391.04,391.04,391.04,391.04,42
03/22/2001,13:10,390.8,390.8,390.8,390.8,106
03/22/2001,13:16,390.8,390.8,390.8,390.8,3170
03/22/2001,13:17,390.66,390.66,390.66,390.66,21
03/22/2001,13:32,389.76,389.76,389.76,389.76,21
03/22/2001,13:35,390.09,390.33,390.09,390.33,317
03/22/2001,13:36,390.33,390.33,390.33,390.33,106
03/22/2001,14:11,390.57,390.57,390.57,390.57,21
03/22/2001,14:23,390.57,390.57,390.57,390.57,423
03/22/2001,14:33,389.38,389.38,389.38,389.38,423
03/22/2001,14:38,388.25,388.25,388.25,388.25,254
03/22/2001,14:40,387.59,387.59,387.59,387.59,42
03/22/2001,14:41,387.25,387.25,387.25,387.25,63
03/22/2001,14:48,386.54,386.54,386.54,386.54,2114
03/22/2001,15:12,391.04,391.04,391.04,391.04,21
03/22/2001,15:19,391.28,391.28,391.28,391.28,1057
03/22/2001,15:20,391.28,391.28,391.28,391.28,528
03/22/2001,15:24,391.99,391.99,391.99,391.99,634
03/22/2001,15:26,392.7,392.7,392.7,392.7,296
03/22/2001,15:29,393.59,393.59,393.59,393.59,634
03/22/2001,15:30,395.3,395.3,395.3,395.3,21
03/22/2001,15:34,395.77,395.77,395.77,395.77,6362
03/22/2001,15:35,395.77,395.77,395.53,395.53,275
03/22/2001,15:45,397.66,397.66,397.66,397.66,2114
03/22/2001,15:47,396.95,396.95,396.95,396.95,21
03/22/2001,15:48,398.85,398.85,398.85,398.85,423
03/22/2001,15:49,399.32,399.32,399.32,399.32,1057
03/22/2001,15:57,399.08,399.08,399.08,399.08,42
03/22/2001,16:08,399.08,399.08,399.08,399.08,42
03/23/2001,09:43,396.24,396.24,396.24,396.24,190
03/23/2001,09:47,396.72,396.72,396.72,396.72,5369
03/23/2001,09:50,394.54,394.54,394.54,394.54,2114
03/23/2001,09:52,394.11,394.11,394.11,394.11,21
03/23/2001,09:55,395.06,395.06,395.06,395.06,1057
03/23/2001,09:56,395.06,395.06,395.06,395.06,42
03/23/2001,09:57,397.43,397.43,397.43,397.43,42
03/23/2001,10:03,402.16,402.16,402.16,402.16,106
03/23/2001,10:06,404.67,404.67,404.67,404.67,106
03/23/2001,10:08,405.47,406.13,405.47,406.13,338
03/23/2001,10:12,409.44,409.44,409.44,409.44,21
03/23/2001,10:14,408.55,410.2,408.55,410.2,63
03/23/2001,10:18,411.62,411.62,411.62,411.62,4227
03/23/2001,10:19,411.62,411.62,411.62,411.62,1057
03/23/2001,10:30,411.38,411.38,411.38,411.38,1057
03/23/2001,10:31,412.8,412.8,412.8,412.8,42
03/23/2001,10:37,413.99,413.99,413.99,413.99,2114
03/23/2001,10:40,412.57,412.57,412.57,412.57,423
03/23/2001,10:41,412.57,412.57,412.57,412.57,4227
03/23/2001,10:57,412.57,412.57,412.57,412.57,2114
03/23/2001,11:01,411.15,411.15,410.72,410.72,5305
03/23/2001,12:16,406.89,406.89,406.89,406.89,42
03/23/2001,12:48,405.66,405.71,405.66,405.71,1585
03/23/2001,12:50,406.89,406.89,406.89,406.89,21
03/23/2001,13:42,407.13,407.13,407.13,407.13,127
03/23/2001,13:46,406.65,406.65,406.65,406.65,42
03/23/2001,13:50,406.65,406.65,406.65,406.65,42
03/23/2001,14:43,407.13,407.13,407.13,407.13,21
03/23/2001,14:47,406.65,406.65,406.65,406.65,106
03/23/2001,15:36,405.71,405.71,405.71,405.71,211
03/26/2001,09:44,418.72,418.72,418.72,418.72,5918
03/26/2001,09:47,418.72,418.72,418.72,418.72,42
03/26/2001,09:53,417.87,417.87,417.87,417.87,5284
03/26/2001,10:04,417.87,417.87,417.87,417.87,528
03/26/2001,10:18,417.77,417.77,417.77,417.77,1480
03/26/2001,10:32,416.78,416.78,416.78,416.78,21
03/26/2001,10:42,417.11,417.11,417.11,417.11,21
03/26/2001,10:47,416.35,416.35,416.35,416.35,211
03/26/2001,11:07,416.35,416.35,416.35,416.35,21
03/26/2001,11:18,415.74,415.74,415.74,415.74,423
03/26/2001,11:21,414.46,414.46,414.46,414.46,232
03/26/2001,11:34,414.84,414.84,414.84,414.84,127
03/26/2001,11:38,414.93,414.93,414.93,414.93,21
03/26/2001,11:40,414.93,414.93,414.93,414.93,85
03/26/2001,12:05,412.33,412.33,412.33,412.33,21
03/26/2001,12:30,409.73,409.73,409.73,409.73,21
03/26/2001,12:32,409.73,409.73,409.25,409.25,338
03/26/2001,12:49,409.96,409.96,409.96,409.96,85
03/26/2001,12:53,408.31,408.31,408.31,408.31,63
03/26/2001,12:59,411.15,411.15,411.15,411.15,2114
03/26/2001,13:45,411.53,411.53,411.53,411.53,21
03/26/2001,13:47,411.86,411.86,411.86,411.86,21
03/26/2001,14:00,413.04,413.04,413.04,413.04,21
03/26/2001,14:38,415.45,415.45,415.45,415.45,21
03/26/2001,14:47,414.93,414.93,414.93,414.93,127
03/26/2001,14:48,415.88,416.12,415.88,416.12,42
03/26/2001,15:11,414.7,414.7,414.7,414.7,21
03/26/2001,15:12,414.93,414.93,414.93,414.93,21
03/26/2001,15:13,415.17,415.17,415.17,415.17,845
03/26/2001,15:15,414.93,414.93,414.93,414.93,1480
03/26/2001,15:16,414.84,414.84,414.84,414.84,21
03/26/2001,15:21,414.7,414.7,414.7,414.7,1480
03/26/2001,15:29,414.46,414.46,414.46,414.46,21
03/26/2001,15:30,414.93,414.93,414.93,414.93,2114
03/26/2001,15:59,414.79,414.79,414.79,414.79,42
03/27/2001,09:40,412.11,412.11,411.64,411.64,550
03/27/2001,09:47,411.87,411.87,411.87,411.87,507
03/27/2001,09:51,412.58,412.58,412.58,412.58,63
03/27/2001,09:54,410.45,410.45,410.45,410.45,63
03/27/2001,10:06,409.27,409.27,409.27,409.27,2114
03/27/2001,10:08,407.61,407.61,407.61,407.61,21
03/27/2001,10:11,407.85,407.85,407.85,407.85,1479
03/27/2001,10:16,408.09,408.09,408.09,408.09,21
03/27/2001,10:45,408.09,408.09,408.09,408.09,2114
03/27/2001,10:57,407.38,407.38,407.38,407.38,169
03/27/2001,11:14,404.54,404.54,404.54,404.54,211
03/27/2001,11:29,405.25,405.25,405.25,405.25,21
03/27/2001,11:32,404.77,404.77,404.77,404.77,528
03/27/2001,11:38,403.83,403.83,403.83,403.83,1057
03/27/2001,11:45,403.83,403.83,403.83,403.83,169
03/27/2001,11:52,403.12,403.12,403.12,403.12,3593
03/27/2001,11:55,402.65,402.65,402.65,402.65,106
03/27/2001,12:41,403.36,403.36,403.36,403.36,63
03/27/2001,13:03,402.17,402.17,402.17,402.17,63
03/27/2001,13:30,404.77,404.77,404.77,404.77,1057
03/27/2001,13:47,405.39,405.39,405.39,405.39,106
03/27/2001,13:48,405.91,405.91,405.91,405.91,317
03/27/2001,14:03,405.96,405.96,405.96,405.96,63
03/27/2001,14:06,405.72,405.72,405.72,405.72,21
03/27/2001,14:08,404.54,404.54,404.54,404.54,21
03/27/2001,14:12,406.19,406.19,406.19,406.19,106
03/27/2001,14:39,408.09,408.09,407.85,407.85,254
03/27/2001,15:01,407.28,407.28,407.28,407.28,21
03/27/2001,15:03,405.96,405.96,405.96,405.96,42
03/27/2001,15:11,406.38,406.38,406.38,406.38,42
03/27/2001,15:53,407.38,407.38,406.19,406.19,5559
03/28/2001,09:40,400.16,400.16,400.16,400.16,211
03/28/2001,09:44,399.54,399.54,399.54,399.54,3171
03/28/2001,09:47,401.67,401.67,401.67,401.67,106
03/28/2001,09:48,402.1,402.62,402.1,402.62,5496
03/28/2001,09:50,401.67,401.67,401.67,401.67,211
03/28/2001,09:51,401.39,401.39,400.72,400.72,211
03/28/2001,09:53,400.72,400.72,400.72,400.72,85
03/28/2001,09:54,399.78,399.78,399.78,399.78,63
03/28/2001,10:06,398.83,398.83,398.83,398.83,4777
03/28/2001,10:17,396.94,396.94,396.94,396.94,106
03/28/2001,10:18,396.94,396.94,396.94,396.94,211
03/28/2001,10:19,397.03,397.03,397.03,397.03,423
03/28/2001,10:27,396.99,396.99,396.94,396.94,3044
03/28/2001,10:38,396.47,396.47,396.47,396.47,211
03/28/2001,10:57,398.36,398.36,398.36,398.36,423
03/28/2001,11:11,399.78,399.78,399.78,399.78,211
03/28/2001,11:25,397.08,397.17,397.08,397.17,169
03/28/2001,11:37,397.88,397.88,397.88,397.88,42
03/28/2001,12:25,396.23,396.23,396.23,396.23,1797
03/28/2001,12:29,395.05,395.05,395.05,395.05,317
03/28/2001,13:38,393.63,393.63,393.63,393.63,2114
03/28/2001,14:07,393.63,393.63,393.63,393.63,42
03/28/2001,14:58,390.79,390.79,390.79,390.79,106
03/28/2001,15:15,391.5,391.5,391.5,391.5,21
03/28/2001,15:16,391.5,391.5,391.5,391.5,106
03/28/2001,15:37,392.92,392.92,392.92,392.92,106
03/28/2001,15:58,391.88,391.88,391.88,391.88,106
03/29/2001,10:17,382.06,382.06,382.06,382.06,105
03/29/2001,10:19,382.16,382.16,382.16,382.16,10496
03/29/2001,10:23,382.78,382.78,382.78,382.78,63
03/29/2001,10:26,383.49,383.49,383.49,383.49,63
03/29/2001,10:30,383.02,383.02,383.02,383.02,210
03/29/2001,10:37,381.59,381.59,381.59,381.59,63
03/29/2001,10:49,380.4,380.4,380.4,380.4,105
03/29/2001,10:55,381.35,381.35,381.35,381.35,3149
03/29/2001,10:59,382.06,382.06,382.06,382.06,2099
03/29/2001,11:02,382.3,382.3,382.3,382.3,63
03/29/2001,11:09,381.83,381.83,381.83,381.83,63
03/29/2001,11:10,381.83,381.83,381.83,381.83,84
03/29/2001,11:35,382.06,382.06,382.06,382.06,21
03/29/2001,11:38,383.25,383.25,383.25,383.25,84
03/29/2001,11:42,384.21,384.21,384.21,384.21,2099
03/29/2001,11:47,383.06,383.06,383.06,383.06,630
03/29/2001,11:52,383.06,383.06,383.06,383.06,420
03/29/2001,11:54,384.21,384.21,384.21,384.21,5248
03/29/2001,11:56,383.02,383.02,383.02,383.02,21
03/29/2001,12:00,383.45,383.45,383.45,383.45,210
03/29/2001,12:04,383.49,383.49,383.49,383.49,630
03/29/2001,12:45,382.3,382.3,382.3,382.3,315
03/29/2001,12:47,382.3,382.3,382.3,382.3,21
03/29/2001,12:58,380.63,381.11,380.63,381.11,1071
03/29/2001,13:01,380.4,380.4,380.4,380.4,105
03/29/2001,13:03,380.63,380.63,380.63,380.63,21
03/29/2001,13:13,378.97,378.97,378.97,378.97,21
03/29/2001,13:17,379.68,379.68,379.68,379.68,21
03/29/2001,13:23,378.49,378.49,378.49,378.49,105
03/29/2001,13:30,377.11,377.11,377.11,377.11,126
03/29/2001,13:36,378.25,378.25,378.25,378.25,231
03/29/2001,13:56,378.78,378.78,378.78,378.78,42
03/29/2001,14:04,379.44,379.44,379.44,379.44,42
03/29/2001,14:08,379.92,379.92,379.92,379.92,42
03/29/2001,14:13,378.97,378.97,378.97,378.97,105
03/29/2001,14:15,378.49,378.49,378.49,378.49,126
03/29/2001,14:23,378.73,378.73,378.73,378.73,21
03/29/2001,14:25,377.54,377.54,377.54,377.54,2099
03/29/2001,14:36,379.21,379.21,379.21,379.21,105
03/29/2001,14:50,377.54,377.54,377.54,377.54,21
03/29/2001,14:55,377.06,377.06,377.06,377.06,21
03/29/2001,14:58,376.39,376.39,376.39,376.39,105
03/29/2001,15:03,377.49,377.49,377.49,377.49,42
03/29/2001,15:12,377.06,377.06,376.59,376.59,2099
03/29/2001,15:13,377.3,377.3,377.3,377.3,21
03/29/2001,15:23,376.82,376.82,376.82,376.82,210
03/29/2001,15:33,376.59,376.59,376.59,376.59,5248
03/29/2001,15:34,375.63,375.63,375.63,375.63,168
03/29/2001,15:35,375.87,375.87,375.87,375.87,252
03/29/2001,15:41,375.44,375.44,375.44,375.44,651
03/29/2001,15:44,376.82,376.82,376.82,376.82,42
03/29/2001,15:46,377.54,377.54,377.54,377.54,21
03/29/2001,15:47,377.78,377.78,377.78,377.78,21
03/29/2001,15:55,377.78,377.78,377.78,377.78,21